date,closing-amount
7/16/1945,14.94
7/17/1945,14.61
7/18/1945,14.56
7/19/1945,14.66
7/20/1945,14.66
7/23/1945,14.51
7/24/1945,14.54
7/25/1945,14.68
7/26/1945,14.38
7/27/1945,14.45
7/30/1945,14.6
7/31/1945,14.66
8/1/1945,14.68
8/2/1945,14.62
8/3/1945,14.68
8/6/1945,14.72
8/7/1945,14.52
8/8/1945,14.55
8/9/1945,14.79
8/10/1945,14.78
8/13/1945,14.61
8/14/1945,14.7
8/17/1945,14.62
8/20/1945,14.4
8/21/1945,14.46
8/22/1945,14.56
8/23/1945,14.85
8/24/1945,15.05
8/27/1945,15.27
8/28/1945,15.32
8/29/1945,15.3
8/30/1945,15.35
8/31/1945,15.51
9/4/1945,15.51
9/5/1945,15.53
9/6/1945,15.74
9/7/1945,15.73
9/8/1945,15.76
9/10/1945,15.78
9/11/1945,15.88
9/12/1945,15.95
9/13/1945,15.95
9/14/1945,15.86
9/15/1945,15.56
9/17/1945,15.51
9/18/1945,15.82
9/19/1945,15.97
9/20/1945,16.03
9/21/1945,15.95
9/22/1945,15.92
9/24/1945,15.91
9/25/1945,15.93
9/26/1945,15.92
9/27/1945,15.86
9/28/1945,16.05
9/29/1945,16.16
10/1/1945,16.33
10/2/1945,16.33
10/3/1945,16.3
10/4/1945,16.3
10/5/1945,16.38
10/6/1945,16.46
10/8/1945,16.5
10/9/1945,16.54
10/10/1945,16.6
10/11/1945,16.58
10/15/1945,16.59
10/16/1945,16.59
10/17/1945,16.66
10/18/1945,16.72
10/19/1945,16.59
10/20/1945,16.65
10/22/1945,16.71
10/23/1945,16.58
10/24/1945,16.33
10/25/1945,16.41
10/26/1945,16.49
10/29/1945,16.3
10/30/1945,16.38
10/31/1945,16.65
11/1/1945,16.87
11/2/1945,16.86
11/3/1945,16.85
11/5/1945,16.94
11/7/1945,17.14
11/8/1945,17.08
11/9/1945,17.1
11/10/1945,17.1
11/13/1945,17.04
11/14/1945,16.95
11/15/1945,17.08
11/16/1945,17
11/17/1945,17.21
11/19/1945,17.19
11/20/1945,17.27
11/21/1945,17.02
11/23/1945,16.85
11/24/1945,16.73
11/26/1945,16.94
11/27/1945,17.15
11/28/1945,17.06
11/29/1945,17.03
11/30/1945,17.19
12/1/1945,17.29
12/3/1945,17.44
12/4/1945,17.42
12/5/1945,17.41
12/6/1945,17.5
12/7/1945,17.54
12/8/1945,17.65
12/10/1945,17.68
12/11/1945,17.64
12/12/1945,17.37
12/13/1945,17.29
12/14/1945,17.31
12/15/1945,17.34
12/17/1945,16.94
12/18/1945,17.1
12/19/1945,17.1
12/20/1945,16.99
12/21/1945,16.98
12/22/1945,17.17
12/26/1945,17.41
12/27/1945,17.28
12/28/1945,17.31
12/29/1945,17.36
12/31/1945,17.36
1/2/1946,17.25
1/3/1946,17.27
1/4/1946,17.23
1/5/1946,17.3
1/7/1946,17.31
1/8/1946,17.69
1/9/1946,17.95
1/10/1946,18.07
1/11/1946,18.13
1/12/1946,18.06
1/14/1946,18.33
1/15/1946,18.36
1/16/1946,18.38
1/17/1946,18.34
1/18/1946,18.3
1/19/1946,18.1
1/21/1946,17.74
1/22/1946,17.86
1/23/1946,18.07
1/24/1946,18.12
1/25/1946,18.09
1/26/1946,18.1
1/28/1946,18.62
1/29/1946,18.67
1/30/1946,18.56
1/31/1946,18.57
2/1/1946,18.64
2/2/1946,18.71
2/4/1946,18.62
2/5/1946,18.7
2/6/1946,18.57
2/7/1946,18.57
2/8/1946,18.55
2/9/1946,18.38
2/11/1946,18.24
2/13/1946,17.98
2/14/1946,18.09
2/15/1946,18.44
2/16/1946,18.64
2/18/1946,18.38
2/19/1946,17.7
2/20/1946,17.37
2/21/1946,17.72
2/25/1946,16.91
2/26/1946,16.81
2/27/1946,17.15
2/28/1946,17.28
3/1/1946,17.21
3/2/1946,17.1
3/4/1946,17.09
3/5/1946,17.27
3/6/1946,17.19
3/7/1946,17.34
3/8/1946,17.49
3/9/1946,17.52
3/11/1946,17.38
3/12/1946,17.42
3/13/1946,17.15
3/14/1946,17.09
3/15/1946,17.28
3/16/1946,17.43
3/18/1946,17.57
3/19/1946,17.45
3/20/1946,17.58
3/21/1946,17.7
3/22/1946,17.7
3/23/1946,17.79
3/25/1946,18.07
3/26/1946,18.06
3/27/1946,17.95
3/28/1946,17.93
3/29/1946,18.04
3/30/1946,18.08
4/1/1946,18.06
4/2/1946,18.07
4/3/1946,18.38
4/4/1946,18.58
4/5/1946,18.54
4/6/1946,18.54
4/8/1946,18.62
4/9/1946,18.88
4/10/1946,18.81
4/11/1946,18.77
4/12/1946,18.77
4/13/1946,18.64
4/15/1946,18.62
4/16/1946,18.87
4/17/1946,18.84
4/18/1946,18.9
4/20/1946,18.9
4/22/1946,18.88
4/23/1946,18.84
4/24/1946,18.65
4/25/1946,18.54
4/26/1946,18.58
4/27/1946,18.74
4/29/1946,18.72
4/30/1946,18.76
5/1/1946,18.71
5/2/1946,18.62
5/3/1946,18.46
5/4/1946,18.41
5/6/1946,18.26
5/7/1946,18.51
5/8/1946,18.47
5/9/1946,18.44
5/10/1946,18.74
5/11/1946,18.85
5/13/1946,18.79
5/14/1946,18.67
5/15/1946,18.53
5/16/1946,18.64
5/17/1946,18.6
5/18/1946,18.52
5/20/1946,18.64
5/21/1946,18.68
5/22/1946,18.8
5/23/1946,18.78
5/24/1946,18.78
5/27/1946,18.92
5/28/1946,19.2
5/29/1946,19.25
5/31/1946,19.18
6/3/1946,19.05
6/4/1946,18.93
6/5/1946,18.82
6/6/1946,18.81
6/7/1946,18.82
6/10/1946,18.85
6/11/1946,18.65
6/12/1946,18.69
6/13/1946,18.8
6/14/1946,18.79
6/17/1946,18.81
6/18/1946,18.55
6/19/1946,18.44
6/20/1946,18.03
6/21/1946,18.23
6/24/1946,18.27
6/25/1946,18.14
6/26/1946,18.11
6/27/1946,18.39
6/28/1946,18.43
7/1/1946,18.54
7/2/1946,18.53
7/3/1946,18.49
7/5/1946,18.43
7/8/1946,18.36
7/9/1946,18.46
7/10/1946,18.49
7/11/1946,18.39
7/12/1946,18.27
7/15/1946,17.95
7/16/1946,17.97
7/17/1946,18.07
7/18/1946,18.04
7/19/1946,17.98
7/22/1946,17.93
7/23/1946,17.39
7/24/1946,17.41
7/25/1946,17.5
7/26/1946,17.6
7/29/1946,17.66
7/30/1946,17.76
7/31/1946,17.96
8/1/1946,18.01
8/2/1946,18.02
8/5/1946,17.91
8/6/1946,17.86
8/7/1946,18.03
8/8/1946,18.11
8/9/1946,18.05
8/12/1946,18.08
8/13/1946,18.23
8/14/1946,18.2
8/15/1946,17.99
8/16/1946,17.84
8/19/1946,17.81
8/20/1946,17.91
8/21/1946,17.74
8/22/1946,17.56
8/23/1946,17.58
8/26/1946,17.47
8/27/1946,16.92
8/28/1946,16.73
8/29/1946,16.76
8/30/1946,16.65
9/3/1946,15
9/4/1946,15.46
9/5/1946,15.99
9/6/1946,15.84
9/9/1946,15.01
9/10/1946,14.59
9/11/1946,15.05
9/12/1946,15.02
9/13/1946,15.31
9/16/1946,15.4
9/17/1946,15.28
9/18/1946,14.8
9/19/1946,14.33
9/20/1946,14.69
9/23/1946,14.41
9/24/1946,14.72
9/25/1946,15.1
9/26/1946,15.27
9/27/1946,15.11
9/30/1946,14.96
10/1/1946,14.92
10/2/1946,15
10/3/1946,14.98
10/4/1946,14.81
10/5/1946,14.7
10/7/1946,14.7
10/8/1946,14.53
10/9/1946,14.12
10/10/1946,14.33
10/11/1946,14.63
10/14/1946,14.71
10/15/1946,15.3
10/16/1946,15.24
10/17/1946,15.01
10/18/1946,14.97
10/19/1946,14.93
10/21/1946,15
10/22/1946,14.88
10/23/1946,14.77
10/24/1946,14.78
10/25/1946,14.7
10/26/1946,14.69
10/28/1946,14.39
10/29/1946,14.26
10/30/1946,14.32
10/31/1946,14.84
11/1/1946,15.07
11/2/1946,15.18
11/4/1946,15.33
11/6/1946,14.67
11/7/1946,14.79
11/8/1946,14.85
11/9/1946,15.03
11/12/1946,14.94
11/13/1946,14.81
11/14/1946,14.89
11/15/1946,14.73
11/16/1946,14.72
11/18/1946,14.58
11/19/1946,14.57
11/20/1946,14.46
11/21/1946,14.21
11/22/1946,14.13
11/23/1946,14.33
11/25/1946,14.31
11/26/1946,14.45
11/27/1946,14.55
11/29/1946,14.68
11/30/1946,14.67
12/2/1946,14.44
12/3/1946,14.49
12/4/1946,14.72
12/5/1946,14.64
12/6/1946,14.7
12/7/1946,14.81
12/9/1946,15.32
12/10/1946,15.32
12/11/1946,15.36
12/12/1946,15.15
12/13/1946,15.17
12/14/1946,15.25
12/16/1946,15.24
12/17/1946,15.18
12/18/1946,15.21
12/19/1946,15.45
12/20/1946,15.5
12/21/1946,15.54
12/23/1946,15.41
12/24/1946,15.37
12/26/1946,15.21
12/27/1946,15.19
12/28/1946,15.22
12/30/1946,15.17
12/31/1946,15.3
1/2/1947,15.2
1/3/1947,15.26
1/4/1947,15.3
1/6/1947,15.44
1/7/1947,15.32
1/8/1947,15.41
1/9/1947,15.44
1/10/1947,15.24
1/11/1947,15.02
1/13/1947,14.8
1/14/1947,14.87
1/15/1947,14.77
1/16/1947,14.78
1/17/1947,15.07
1/18/1947,15.22
1/20/1947,15.02
1/21/1947,14.97
1/22/1947,15.04
1/23/1947,15.19
1/24/1947,15.21
1/25/1947,15.18
1/27/1947,15.34
1/28/1947,15.47
1/29/1947,15.65
1/30/1947,15.6
1/31/1947,15.66
2/1/1947,15.74
2/3/1947,15.8
2/4/1947,15.83
2/5/1947,15.92
2/6/1947,15.86
2/7/1947,16.12
2/8/1947,16.2
2/10/1947,16.05
2/11/1947,16.14
2/13/1947,15.93
2/14/1947,15.86
2/15/1947,15.85
2/17/1947,15.88
2/18/1947,15.88
2/19/1947,15.69
2/20/1947,15.72
2/21/1947,15.8
2/24/1947,15.67
2/25/1947,15.47
2/26/1947,15.3
2/27/1947,15.48
2/28/1947,15.43
3/1/1947,15.44
3/3/1947,15.41
3/4/1947,15.41
3/5/1947,15.59
3/6/1947,15.65
3/7/1947,15.16
3/8/1947,15.1
3/10/1947,15.01
3/11/1947,14.88
3/12/1947,14.97
3/13/1947,14.93
3/14/1947,14.78
3/15/1947,14.77
3/17/1947,14.82
3/18/1947,15.01
3/19/1947,15.08
3/20/1947,15.07
3/21/1947,15.25
3/22/1947,15.26
3/24/1947,15.11
3/25/1947,15.02
3/26/1947,15.23
3/27/1947,15.4
3/28/1947,15.33
3/29/1947,15.31
3/31/1947,15.17
4/1/1947,15.23
4/2/1947,15.22
4/3/1947,15.18
4/5/1947,15.17
4/7/1947,15.05
4/8/1947,14.83
4/9/1947,14.82
4/10/1947,14.83
4/11/1947,14.72
4/12/1947,14.56
4/14/1947,14.14
4/15/1947,14.15
4/16/1947,14.29
4/17/1947,14.27
4/18/1947,14.09
4/19/1947,14.34
4/21/1947,14.45
4/22/1947,14.56
4/23/1947,14.58
4/24/1947,14.49
4/25/1947,14.39
4/26/1947,14.4
4/28/1947,14.37
4/29/1947,14.4
4/30/1947,14.58
5/1/1947,14.69
5/2/1947,14.79
5/3/1947,14.84
5/5/1947,14.85
5/6/1947,14.69
5/7/1947,14.68
5/8/1947,14.6
5/9/1947,14.63
5/10/1947,14.66
5/12/1947,14.46
5/13/1947,14.15
5/14/1947,14.11
5/15/1947,14.24
5/16/1947,13.96
5/17/1947,13.71
5/19/1947,13.77
5/20/1947,13.83
5/21/1947,14.09
5/22/1947,14.19
5/23/1947,14
5/24/1947,14.21
5/26/1947,14.14
5/27/1947,14.12
5/28/1947,14.34
5/29/1947,14.45
6/2/1947,14.3
6/3/1947,14.5
6/4/1947,14.4
6/5/1947,14.39
6/6/1947,14.5
6/9/1947,14.42
6/10/1947,14.56
6/11/1947,14.9
6/12/1947,14.82
6/13/1947,14.98
6/16/1947,15.02
6/17/1947,14.96
6/18/1947,14.96
6/19/1947,15.14
6/20/1947,15.16
6/23/1947,15.24
6/24/1947,14.94
6/25/1947,15.06
6/26/1947,15.12
6/27/1947,15.12
6/30/1947,15.21
7/1/1947,15.46
7/2/1947,15.44
7/3/1947,15.6
7/7/1947,15.61
7/8/1947,15.67
7/9/1947,15.52
7/10/1947,15.68
7/11/1947,15.87
7/14/1947,15.96
7/15/1947,15.93
7/16/1947,15.92
7/17/1947,15.75
7/18/1947,15.85
7/21/1947,15.8
7/22/1947,15.87
7/23/1947,15.95
7/24/1947,16.12
7/25/1947,16.08
7/28/1947,15.94
7/29/1947,15.59
7/30/1947,15.52
7/31/1947,15.76
8/1/1947,15.8
8/4/1947,15.62
8/5/1947,15.67
8/6/1947,15.62
8/7/1947,15.64
8/8/1947,15.43
8/11/1947,15.33
8/12/1947,15.43
8/13/1947,15.52
8/14/1947,15.47
8/15/1947,15.58
8/18/1947,15.5
8/19/1947,15.46
8/20/1947,15.39
8/21/1947,15.43
8/22/1947,15.45
8/25/1947,15.23
8/26/1947,15.23
8/27/1947,15.25
8/28/1947,15.22
8/29/1947,15.32
9/2/1947,15.37
9/3/1947,15.33
9/4/1947,15.14
9/5/1947,15.1
9/8/1947,14.86
9/9/1947,14.89
9/10/1947,15.03
9/11/1947,15.04
9/12/1947,14.99
9/15/1947,14.93
9/16/1947,15.07
9/17/1947,15.27
9/18/1947,15.21
9/19/1947,15.2
9/22/1947,15.18
9/23/1947,14.93
9/24/1947,14.99
9/25/1947,14.9
9/26/1947,14.85
9/29/1947,14.94
9/30/1947,15.11
10/1/1947,15.16
10/2/1947,15.17
10/3/1947,15.24
10/4/1947,15.26
10/6/1947,15.28
10/7/1947,15.28
10/8/1947,15.16
10/9/1947,15.26
10/10/1947,15.29
10/11/1947,15.31
10/14/1947,15.55
10/15/1947,15.59
10/16/1947,15.57
10/17/1947,15.58
10/18/1947,15.69
10/20/1947,15.79
10/21/1947,15.76
10/22/1947,15.69
10/23/1947,15.7
10/24/1947,15.5
10/25/1947,15.52
10/27/1947,15.53
10/28/1947,15.54
10/29/1947,15.49
10/30/1947,15.33
10/31/1947,15.43
11/1/1947,15.48
11/3/1947,15.46
11/5/1947,15.34
11/6/1947,15.34
11/7/1947,15.31
11/8/1947,15.33
11/10/1947,15.37
11/12/1947,15.31
11/13/1947,15.16
11/14/1947,15.19
11/15/1947,15.19
11/17/1947,15.19
11/18/1947,15.3
11/19/1947,15.34
11/20/1947,15.41
11/21/1947,15.33
11/22/1947,15.32
11/24/1947,15.24
11/25/1947,15.2
11/26/1947,15.13
11/28/1947,14.98
11/29/1947,14.99
12/1/1947,15.07
12/2/1947,15.09
12/3/1947,14.95
12/4/1947,14.86
12/5/1947,14.63
12/6/1947,14.61
12/8/1947,14.77
12/9/1947,14.82
12/10/1947,14.84
12/11/1947,14.83
12/12/1947,14.94
12/13/1947,15.04
12/15/1947,15.11
12/16/1947,15.09
12/17/1947,15.12
12/18/1947,15.07
12/19/1947,15.12
12/20/1947,15.26
12/22/1947,15.2
12/23/1947,15.26
12/24/1947,15.25
12/26/1947,15.12
12/27/1947,15.1
12/29/1947,15.04
12/30/1947,15.22
12/31/1947,15.3
1/2/1948,15.34
1/5/1948,15.2
1/6/1948,15.15
1/7/1948,15.23
1/8/1948,15.31
1/9/1948,15.23
1/10/1948,15.26
1/12/1948,15.17
1/13/1948,14.95
1/14/1948,14.95
1/15/1948,14.88
1/16/1948,14.87
1/17/1948,14.86
1/19/1948,14.7
1/20/1948,14.71
1/21/1948,14.54
1/22/1948,14.42
1/23/1948,14.35
1/24/1948,14.36
1/26/1948,14.32
1/27/1948,14.34
1/28/1948,14.49
1/29/1948,14.65
1/30/1948,14.68
1/31/1948,14.69
2/2/1948,14.71
2/3/1948,14.62
2/4/1948,14
2/5/1948,14.2
2/6/1948,14.19
2/7/1948,14.29
2/9/1948,14.31
2/10/1948,13.89
2/11/1948,13.88
2/13/1948,13.85
2/14/1948,13.84
2/16/1948,14.04
2/17/1948,14.04
2/18/1948,14.05
2/19/1948,14.02
2/20/1948,13.96
2/21/1948,13.97
2/24/1948,14
2/25/1948,14.07
2/26/1948,13.98
2/27/1948,13.93
2/28/1948,14
3/1/1948,14.07
3/2/1948,14.16
3/3/1948,14.17
3/4/1948,14.08
3/5/1948,14.11
3/6/1948,14.16
3/8/1948,14.04
3/9/1948,13.95
3/10/1948,14.01
3/11/1948,13.99
3/12/1948,13.99
3/13/1948,14.07
3/15/1948,14.06
3/16/1948,13.84
3/17/1948,13.95
3/18/1948,14.03
3/19/1948,14.32
3/20/1948,14.68
3/22/1948,14.7
3/23/1948,14.7
3/24/1948,14.69
3/25/1948,14.75
3/27/1948,14.72
3/29/1948,14.7
3/30/1948,14.87
3/31/1948,15.08
4/1/1948,15.12
4/2/1948,15.15
4/3/1948,15.15
4/5/1948,15.18
4/6/1948,15.28
4/7/1948,15.23
4/8/1948,15.27
4/9/1948,15.29
4/10/1948,15.3
4/12/1948,15.28
4/13/1948,15.3
4/14/1948,15.28
4/15/1948,15.38
4/16/1948,15.43
4/17/1948,15.42
4/19/1948,15.47
4/20/1948,15.46
4/21/1948,15.54
4/22/1948,15.68
4/23/1948,15.78
4/24/1948,15.76
4/26/1948,15.54
4/27/1948,15.55
4/28/1948,15.57
4/29/1948,15.52
4/30/1948,15.48
5/1/1948,15.44
5/3/1948,15.6
5/4/1948,15.59
5/5/1948,15.5
5/6/1948,15.63
5/7/1948,15.72
5/8/1948,15.75
5/10/1948,15.81
5/11/1948,15.86
5/12/1948,15.88
5/13/1948,16
5/14/1948,16.39
5/15/1948,16.55
5/17/1948,16.61
5/18/1948,16.39
5/19/1948,16.37
5/20/1948,16.46
5/21/1948,16.5
5/22/1948,16.53
5/24/1948,16.54
5/25/1948,16.53
5/26/1948,16.68
5/27/1948,16.68
5/28/1948,16.69
6/1/1948,16.74
6/2/1948,16.76
6/3/1948,16.72
6/4/1948,16.59
6/7/1948,16.54
6/8/1948,16.82
6/9/1948,16.89
6/10/1948,16.9
6/11/1948,16.95
6/14/1948,16.97
6/15/1948,17.06
6/16/1948,17.01
6/17/1948,16.99
6/18/1948,16.96
6/21/1948,16.79
6/22/1948,16.76
6/23/1948,16.93
6/24/1948,16.89
6/25/1948,16.83
6/28/1948,16.61
6/29/1948,16.69
6/30/1948,16.74
7/1/1948,16.7
7/2/1948,16.85
7/6/1948,16.85
7/7/1948,16.79
7/8/1948,16.81
7/9/1948,16.92
7/12/1948,16.88
7/13/1948,16.78
7/14/1948,16.8
7/15/1948,16.48
7/16/1948,16.25
7/19/1948,15.72
7/20/1948,15.96
7/21/1948,16.09
7/22/1948,16.21
7/23/1948,16.27
7/26/1948,16.12
7/27/1948,16.29
7/28/1948,16.18
7/29/1948,16.05
7/30/1948,15.85
8/2/1948,15.85
8/3/1948,15.9
8/4/1948,16.15
8/5/1948,16.09
8/6/1948,16.12
8/9/1948,15.96
8/10/1948,15.74
8/11/1948,15.67
8/12/1948,15.71
8/13/1948,15.7
8/16/1948,15.74
8/17/1948,15.93
8/18/1948,15.93
8/19/1948,15.98
8/20/1948,16.15
8/23/1948,15.94
8/24/1948,16.02
8/25/1948,15.99
8/26/1948,16.04
8/27/1948,16.11
8/30/1948,15.98
8/31/1948,15.97
9/1/1948,16.16
9/2/1948,16.24
9/3/1948,16.27
9/7/1948,16.35
9/8/1948,16.07
9/9/1948,15.81
9/10/1948,15.83
9/13/1948,15.7
9/14/1948,15.82
9/15/1948,15.8
9/16/1948,15.8
9/17/1948,15.73
9/20/1948,15.44
9/21/1948,15.55
9/22/1948,15.59
9/23/1948,15.56
9/24/1948,15.6
9/27/1948,15.19
9/28/1948,15.36
9/29/1948,15.55
9/30/1948,15.49
10/1/1948,15.67
10/2/1948,15.75
10/4/1948,15.85
10/5/1948,15.82
10/6/1948,15.84
10/7/1948,15.93
10/8/1948,15.9
10/9/1948,15.9
10/11/1948,15.9
10/13/1948,16.09
10/14/1948,16.14
10/15/1948,16.12
10/16/1948,16.14
10/18/1948,16.19
10/19/1948,16.28
10/20/1948,16.34
10/21/1948,16.36
10/22/1948,16.61
10/23/1948,16.67
10/25/1948,16.58
10/26/1948,16.59
10/27/1948,16.57
10/28/1948,16.46
10/29/1948,16.5
10/30/1948,16.54
11/1/1948,16.7
11/3/1948,15.93
11/4/1948,16.14
11/5/1948,15.43
11/6/1948,15.51
11/8/1948,15.5
11/9/1948,15.01
11/10/1948,15
11/12/1948,15.04
11/13/1948,15.11
11/15/1948,15.27
11/16/1948,15.26
11/17/1948,15.22
11/18/1948,15.26
11/19/1948,15.31
11/20/1948,15.33
11/22/1948,15.21
11/23/1948,15.19
11/24/1948,14.91
11/26/1948,14.91
11/27/1948,14.91
11/29/1948,14.79
11/30/1948,14.75
12/1/1948,15.01
12/2/1948,15
12/3/1948,15.13
12/4/1948,15.25
12/6/1948,15.23
12/7/1948,15.24
12/8/1948,15.2
12/9/1948,15.17
12/10/1948,15.22
12/11/1948,15.33
12/13/1948,15.33
12/14/1948,15.25
12/15/1948,15.17
12/16/1948,15.16
12/17/1948,15.2
12/18/1948,15.19
12/20/1948,15.19
12/21/1948,15.14
12/22/1948,15.15
12/23/1948,15.15
12/24/1948,15.25
12/27/1948,15.19
12/28/1948,15.08
12/29/1948,15.28
12/30/1948,15.28
12/31/1948,15.2
1/3/1949,14.95
1/4/1949,15.03
1/5/1949,15.16
1/6/1949,15.5
1/7/1949,15.61
1/8/1949,15.62
1/10/1949,15.51
1/11/1949,15.5
1/12/1949,15.47
1/13/1949,15.39
1/14/1949,15.24
1/15/1949,15.29
1/17/1949,15.38
1/18/1949,15.38
1/19/1949,15.44
1/20/1949,15.5
1/21/1949,15.47
1/22/1949,15.51
1/24/1949,15
1/25/1949,15.33
1/26/1949,15.29
1/27/1949,15.25
1/28/1949,15.2
1/29/1949,15.23
1/31/1949,15.22
2/1/1949,15.34
2/2/1949,15.35
2/3/1949,15.32
2/4/1949,15.09
2/5/1949,14.85
2/7/1949,14.76
2/8/1949,14.7
2/9/1949,14.78
2/10/1949,14.58
2/11/1949,14.56
2/14/1949,14.61
2/15/1949,14.65
2/16/1949,14.73
2/17/1949,14.83
2/18/1949,14.79
2/19/1949,14.76
2/21/1949,14.74
2/23/1949,14.6
2/24/1949,14.42
2/25/1949,14.38
2/26/1949,14.45
2/28/1949,14.62
3/1/1949,14.71
3/2/1949,14.67
3/3/1949,14.65
3/4/1949,14.67
3/5/1949,14.81
3/7/1949,14.86
3/8/1949,14.89
3/9/1949,14.86
3/10/1949,14.87
3/11/1949,15.02
3/12/1949,15.06
3/14/1949,15.07
3/15/1949,14.98
3/16/1949,14.92
3/17/1949,14.97
3/18/1949,14.94
3/19/1949,14.9
3/21/1949,14.87
3/22/1949,14.77
3/23/1949,14.95
3/24/1949,14.97
3/25/1949,14.89
3/26/1949,14.89
3/28/1949,14.93
3/29/1949,15.22
3/30/1949,15.21
3/31/1949,15.06
4/1/1949,14.94
4/2/1949,15
4/4/1949,14.98
4/5/1949,14.96
4/6/1949,14.92
4/7/1949,14.93
4/8/1949,14.97
4/9/1949,15.01
4/11/1949,14.99
4/12/1949,15.03
4/13/1949,15.02
4/14/1949,14.99
4/16/1949,15.05
4/18/1949,15.07
4/19/1949,15.01
4/20/1949,14.97
4/21/1949,14.72
4/22/1949,14.7
4/23/1949,14.74
4/25/1949,14.68
4/26/1949,14.76
4/27/1949,14.76
4/28/1949,14.69
4/29/1949,14.71
4/30/1949,14.74
5/2/1949,14.78
5/3/1949,14.85
5/4/1949,15.02
5/5/1949,15.01
5/6/1949,14.92
5/7/1949,14.91
5/9/1949,14.88
5/10/1949,14.82
5/11/1949,14.85
5/12/1949,14.87
5/13/1949,14.88
5/14/1949,14.91
5/16/1949,14.96
5/17/1949,14.93
5/18/1949,14.89
5/19/1949,14.8
5/20/1949,14.73
5/21/1949,14.72
5/23/1949,14.58
5/24/1949,14.5
5/25/1949,14.57
5/26/1949,14.56
5/27/1949,14.51
5/31/1949,14.19
6/1/1949,14.14
6/2/1949,14.14
6/3/1949,14.05
6/6/1949,13.82
6/7/1949,13.84
6/8/1949,13.93
6/9/1949,13.93
6/10/1949,13.81
6/13/1949,13.55
6/14/1949,13.64
6/15/1949,13.9
6/16/1949,13.85
6/17/1949,13.87
6/20/1949,14.07
6/21/1949,14.08
6/22/1949,14.04
6/23/1949,14.11
6/24/1949,14.13
6/27/1949,14.12
6/28/1949,14
6/29/1949,14.09
6/30/1949,14.16
7/1/1949,14.26
7/5/1949,14.34
7/6/1949,14.52
7/7/1949,14.52
7/8/1949,14.51
7/11/1949,14.51
7/12/1949,14.61
7/13/1949,14.78
7/14/1949,14.79
7/15/1949,14.76
7/18/1949,14.8
7/19/1949,14.94
7/20/1949,14.97
7/21/1949,14.9
7/22/1949,14.89
7/25/1949,14.94
7/26/1949,15.06
7/27/1949,15.06
7/28/1949,15.04
7/29/1949,15.04
8/1/1949,15.12
8/2/1949,15.16
8/3/1949,15.15
8/4/1949,15.13
8/5/1949,15.35
8/8/1949,15.51
8/9/1949,15.37
8/10/1949,15.44
8/11/1949,15.39
8/12/1949,15.32
8/15/1949,15.25
8/16/1949,15.29
8/17/1949,15.46
8/18/1949,15.5
8/19/1949,15.41
8/22/1949,15.37
8/23/1949,15.17
8/24/1949,15.18
8/25/1949,15.22
8/26/1949,15.28
8/29/1949,15.12
8/30/1949,15.21
8/31/1949,15.22
9/1/1949,15.31
9/2/1949,15.29
9/6/1949,15.28
9/7/1949,15.38
9/8/1949,15.41
9/9/1949,15.4
9/12/1949,15.52
9/13/1949,15.74
9/14/1949,15.73
9/15/1949,15.61
9/16/1949,15.66
9/19/1949,15.55
9/20/1949,15.19
9/21/1949,15.41
9/22/1949,15.5
9/23/1949,15.57
9/26/1949,15.53
9/27/1949,15.41
9/28/1949,15.53
9/29/1949,15.62
9/30/1949,15.58
10/1/1949,15.52
10/3/1949,15.6
10/4/1949,15.75
10/5/1949,15.78
10/6/1949,15.84
10/7/1949,15.85
10/8/1949,15.86
10/10/1949,15.83
10/11/1949,15.97
10/13/1949,15.97
10/14/1949,15.91
10/15/1949,15.89
10/17/1949,15.73
10/18/1949,15.84
10/19/1949,15.93
10/20/1949,15.9
10/21/1949,15.85
10/22/1949,15.86
10/24/1949,15.87
10/25/1949,15.95
10/26/1949,16.06
10/27/1949,16.15
10/28/1949,16.08
10/29/1949,16.13
10/31/1949,16.04
11/1/1949,16.2
11/2/1949,16.33
11/3/1949,16.29
11/4/1949,16.21
11/5/1949,16.22
11/7/1949,16.16
11/9/1949,16.18
11/10/1949,16.14
11/12/1949,16.13
11/14/1949,16.03
11/15/1949,15.75
11/16/1949,15.84
11/17/1949,15.96
11/18/1949,16.14
11/19/1949,16.18
11/21/1949,16.07
11/22/1949,16.15
11/23/1949,16.19
11/25/1949,16.1
11/26/1949,16.14
11/28/1949,16.05
11/29/1949,16.02
11/30/1949,16.06
12/1/1949,16.15
12/2/1949,16.28
12/3/1949,16.41
12/5/1949,16.41
12/6/1949,16.39
12/7/1949,16.43
12/8/1949,16.43
12/9/1949,16.42
12/10/1949,16.45
12/12/1949,16.57
12/13/1949,16.64
12/14/1949,16.67
12/15/1949,16.68
12/16/1949,16.66
12/17/1949,16.64
12/19/1949,16.59
12/20/1949,16.53
12/21/1949,16.49
12/22/1949,16.64
12/23/1949,16.64
12/27/1949,16.58
12/28/1949,16.66
12/29/1949,16.68
12/30/1949,16.79
12/31/1949,16.76
1/3/1950,16.66
1/4/1950,16.85
1/5/1950,16.93
1/6/1950,16.98
1/7/1950,17.09
1/9/1950,17.08
1/10/1950,17.03
1/11/1950,17.09
1/12/1950,16.76
1/13/1950,16.67
1/14/1950,16.65
1/16/1950,16.72
1/17/1950,16.86
1/18/1950,16.85
1/19/1950,16.87
1/20/1950,16.9
1/21/1950,16.94
1/23/1950,16.92
1/24/1950,16.86
1/25/1950,16.74
1/26/1950,16.73
1/27/1950,16.82
1/28/1950,16.9
1/30/1950,17.02
1/31/1950,17.05
2/1/1950,17.05
2/2/1950,17.23
2/3/1950,17.29
2/4/1950,17.35
2/6/1950,17.32
2/7/1950,17.23
2/8/1950,17.21
2/9/1950,17.28
2/10/1950,17.24
2/11/1950,17.22
2/14/1950,17.06
2/15/1950,17.06
2/16/1950,16.99
2/17/1950,17.15
2/18/1950,17.23
2/20/1950,17.2
2/21/1950,17.17
2/23/1950,17.21
2/24/1950,17.28
2/25/1950,17.26
2/27/1950,17.28
2/28/1950,17.22
3/1/1950,17.24
3/2/1950,17.23
3/3/1950,17.29
3/4/1950,17.33
3/6/1950,17.32
3/7/1950,17.2
3/8/1950,17.19
3/9/1950,17.07
3/10/1950,17.09
3/11/1950,17.14
3/13/1950,17.12
3/14/1950,17.25
3/15/1950,17.45
3/16/1950,17.49
3/17/1950,17.45
3/18/1950,17.49
3/20/1950,17.44
3/21/1950,17.45
3/22/1950,17.55
3/23/1950,17.56
3/24/1950,17.56
3/25/1950,17.61
3/27/1950,17.46
3/28/1950,17.53
3/29/1950,17.44
3/30/1950,17.3
3/31/1950,17.29
4/1/1950,17.34
4/3/1950,17.53
4/4/1950,17.55
4/5/1950,17.63
4/6/1950,17.78
4/8/1950,17.82
4/10/1950,17.85
4/11/1950,17.75
4/12/1950,17.94
4/13/1950,17.98
4/14/1950,17.96
4/15/1950,17.86
4/17/1950,17.88
4/18/1950,18.03
4/19/1950,18.05
4/20/1950,17.93
4/21/1950,17.96
4/22/1950,17.96
4/24/1950,17.83
4/25/1950,17.83
4/26/1950,17.76
4/27/1950,17.86
4/28/1950,17.96
4/29/1950,18.07
5/1/1950,18.22
5/2/1950,18.11
5/3/1950,18.27
5/4/1950,18.12
5/5/1950,18.22
5/6/1950,18.33
5/8/1950,18.27
5/9/1950,18.27
5/10/1950,18.29
5/11/1950,18.29
5/12/1950,18.18
5/13/1950,18.2
5/15/1950,18.26
5/16/1950,18.44
5/17/1950,18.52
5/18/1950,18.56
5/19/1950,18.68
5/20/1950,18.72
5/22/1950,18.6
5/23/1950,18.71
5/24/1950,18.69
5/25/1950,18.69
5/26/1950,18.67
5/27/1950,18.65
5/29/1950,18.72
5/31/1950,18.78
6/1/1950,18.77
6/2/1950,18.79
6/5/1950,18.6
6/6/1950,18.88
6/7/1950,18.93
6/8/1950,19.14
6/9/1950,19.26
6/12/1950,19.4
6/13/1950,19.25
6/14/1950,18.98
6/15/1950,18.93
6/16/1950,18.97
6/19/1950,18.92
6/20/1950,18.83
6/21/1950,19
6/22/1950,19.16
6/23/1950,19.14
6/26/1950,18.11
6/27/1950,17.91
6/28/1950,18.11
6/29/1950,17.44
6/30/1950,17.69
7/3/1950,17.64
7/5/1950,17.81
7/6/1950,17.91
7/7/1950,17.67
7/10/1950,17.59
7/11/1950,17.32
7/12/1950,16.87
7/13/1950,16.69
7/14/1950,16.87
7/17/1950,16.68
7/18/1950,17.06
7/19/1950,17.36
7/20/1950,17.61
7/21/1950,17.59
7/24/1950,17.48
7/25/1950,17.23
7/26/1950,17.27
7/27/1950,17.5
7/28/1950,17.69
7/31/1950,17.84
8/1/1950,18.02
8/2/1950,17.95
8/3/1950,17.99
8/4/1950,18.14
8/7/1950,18.41
8/8/1950,18.46
8/9/1950,18.61
8/10/1950,18.48
8/11/1950,18.28
8/14/1950,18.29
8/15/1950,18.32
8/16/1950,18.34
8/17/1950,18.54
8/18/1950,18.68
8/21/1950,18.7
8/22/1950,18.68
8/23/1950,18.82
8/24/1950,18.79
8/25/1950,18.54
8/28/1950,18.53
8/29/1950,18.54
8/30/1950,18.43
8/31/1950,18.42
9/1/1950,18.55
9/5/1950,18.68
9/6/1950,18.54
9/7/1950,18.59
9/8/1950,18.75
9/11/1950,18.61
9/12/1950,18.87
9/13/1950,19.09
9/14/1950,19.18
9/15/1950,19.29
9/18/1950,19.37
9/19/1950,19.31
9/20/1950,19.21
9/21/1950,19.37
9/22/1950,19.44
9/25/1950,19.42
9/26/1950,19.14
9/27/1950,19.41
9/28/1950,19.42
9/29/1950,19.45
10/2/1950,19.69
10/3/1950,19.66
10/4/1950,20
10/5/1950,19.89
10/6/1950,20.12
10/7/1950,20.16
10/9/1950,20
10/10/1950,19.78
10/11/1950,19.86
10/13/1950,19.85
10/14/1950,19.72
10/16/1950,19.71
10/17/1950,19.89
10/18/1950,20.01
10/19/1950,20.02
10/20/1950,19.96
10/21/1950,20.01
10/23/1950,19.96
10/24/1950,20.08
10/25/1950,20.05
10/26/1950,19.61
10/27/1950,19.77
10/28/1950,19.79
10/30/1950,19.61
10/31/1950,19.53
11/1/1950,19.56
11/2/1950,19.73
11/3/1950,19.85
11/4/1950,19.78
11/6/1950,19.36
11/8/1950,19.56
11/9/1950,19.79
11/10/1950,19.94
11/13/1950,20.01
11/14/1950,19.86
11/15/1950,19.82
11/16/1950,19.72
11/17/1950,19.86
11/18/1950,19.96
11/20/1950,19.93
11/21/1950,19.88
11/22/1950,20.16
11/24/1950,20.32
11/25/1950,20.28
11/27/1950,20.18
11/28/1950,19.56
11/29/1950,19.37
11/30/1950,19.51
12/1/1950,19.66
12/2/1950,19.54
12/4/1950,19
12/5/1950,19.31
12/6/1950,19.45
12/7/1950,19.4
12/8/1950,19.4
12/9/1950,19.5
12/11/1950,19.72
12/12/1950,19.68
12/13/1950,19.67
12/14/1950,19.43
12/15/1950,19.33
12/16/1950,19.64
12/18/1950,19.85
12/19/1950,19.96
12/20/1950,19.97
12/21/1950,19.98
12/22/1950,20.07
12/26/1950,19.92
12/27/1950,20.3
12/28/1950,20.38
12/29/1950,20.43
12/30/1950,20.41
1/2/1951,20.77
1/3/1951,20.69
1/4/1951,20.87
1/5/1951,20.87
1/6/1951,20.88
1/8/1951,21
1/9/1951,21.12
1/10/1951,20.85
1/11/1951,21.19
1/12/1951,21.11
1/13/1951,21.1
1/15/1951,21.3
1/16/1951,21.46
1/17/1951,21.55
1/18/1951,21.4
1/19/1951,21.36
1/20/1951,21.41
1/22/1951,21.18
1/23/1951,21.26
1/24/1951,21.16
1/25/1951,21.03
1/26/1951,21.26
1/27/1951,21.53
1/29/1951,21.67
1/30/1951,21.74
1/31/1951,21.66
2/1/1951,21.77
2/2/1951,21.96
2/3/1951,22.08
2/5/1951,22.2
2/6/1951,22.12
2/7/1951,21.99
2/8/1951,22.09
2/9/1951,22.17
2/10/1951,22.21
2/13/1951,22.18
2/14/1951,22.12
2/15/1951,22
2/16/1951,22.13
2/17/1951,22.15
2/19/1951,21.83
2/20/1951,21.79
2/21/1951,21.86
2/23/1951,21.92
2/24/1951,21.96
2/26/1951,21.93
2/27/1951,21.76
2/28/1951,21.8
3/1/1951,21.85
3/2/1951,21.93
3/3/1951,21.94
3/5/1951,21.79
3/6/1951,21.79
3/7/1951,21.86
3/8/1951,21.95
3/9/1951,21.95
3/10/1951,21.91
3/12/1951,21.7
3/13/1951,21.41
3/14/1951,21.25
3/15/1951,21.29
3/16/1951,21.64
3/17/1951,21.67
3/19/1951,21.56
3/20/1951,21.52
3/21/1951,21.64
3/22/1951,21.73
3/24/1951,21.47
3/26/1951,21.53
3/27/1951,21.51
3/28/1951,21.26
3/29/1951,21.33
3/30/1951,21.48
3/31/1951,21.4
4/2/1951,21.32
4/3/1951,21.26
4/4/1951,21.4
4/5/1951,21.69
4/6/1951,21.72
4/7/1951,21.68
4/9/1951,21.68
4/10/1951,21.65
4/11/1951,21.64
4/12/1951,21.83
4/13/1951,22.09
4/14/1951,22.2
4/16/1951,22.04
4/17/1951,22.09
4/18/1951,22.13
4/19/1951,22.04
4/20/1951,22.04
4/21/1951,22.05
4/23/1951,22.05
4/24/1951,21.96
4/25/1951,21.97
4/26/1951,22.16
4/27/1951,22.39
4/28/1951,22.43
4/30/1951,22.43
5/1/1951,22.53
5/2/1951,22.62
5/3/1951,22.81
5/4/1951,22.77
5/5/1951,22.69
5/7/1951,22.63
5/8/1951,22.61
5/9/1951,22.64
5/10/1951,22.51
5/11/1951,22.33
5/12/1951,22.22
5/14/1951,22.18
5/15/1951,21.76
5/16/1951,21.69
5/17/1951,21.91
5/18/1951,21.51
5/19/1951,21.55
5/21/1951,21.46
5/22/1951,21.36
5/23/1951,21.16
5/24/1951,21.05
5/25/1951,21.03
5/26/1951,21.08
5/28/1951,21.21
5/29/1951,21.35
5/31/1951,21.52
6/1/1951,21.48
6/4/1951,21.24
6/5/1951,21.33
6/6/1951,21.48
6/7/1951,21.56
6/8/1951,21.49
6/11/1951,21.61
6/12/1951,21.52
6/13/1951,21.55
6/14/1951,21.84
6/15/1951,22.04
6/18/1951,22.05
6/19/1951,22.02
6/20/1951,21.91
6/21/1951,21.78
6/22/1951,21.55
6/25/1951,21.29
6/26/1951,21.3
6/27/1951,21.37
6/28/1951,21.1
6/29/1951,20.96
7/2/1951,21.1
7/3/1951,21.23
7/5/1951,21.64
7/6/1951,21.64
7/9/1951,21.73
7/10/1951,21.63
7/11/1951,21.68
7/12/1951,21.8
7/13/1951,21.98
7/16/1951,21.73
7/17/1951,21.92
7/18/1951,21.88
7/19/1951,21.84
7/20/1951,21.88
7/23/1951,22.1
7/24/1951,22.44
7/25/1951,22.32
7/26/1951,22.47
7/27/1951,22.53
7/30/1951,22.63
7/31/1951,22.4
8/1/1951,22.51
8/2/1951,22.82
8/3/1951,22.85
8/6/1951,23.01
8/7/1951,23.03
8/8/1951,22.93
8/9/1951,22.84
8/10/1951,22.79
8/13/1951,22.8
8/14/1951,22.7
8/15/1951,22.79
8/16/1951,22.87
8/17/1951,22.94
8/20/1951,22.93
8/21/1951,22.83
8/22/1951,22.75
8/23/1951,22.9
8/24/1951,22.88
8/27/1951,22.85
8/28/1951,22.9
8/29/1951,23.08
8/30/1951,23.24
8/31/1951,23.28
9/4/1951,23.28
9/5/1951,23.42
9/6/1951,23.47
9/7/1951,23.53
9/10/1951,23.62
9/11/1951,23.5
9/12/1951,23.6
9/13/1951,23.71
9/14/1951,23.69
9/17/1951,23.62
9/18/1951,23.59
9/19/1951,23.59
9/20/1951,23.57
9/21/1951,23.4
9/24/1951,23.3
9/25/1951,23.38
9/26/1951,23.4
9/27/1951,23.27
9/28/1951,23.26
10/1/1951,23.47
10/2/1951,23.64
10/3/1951,23.79
10/4/1951,23.72
10/5/1951,23.78
10/6/1951,23.77
10/8/1951,23.75
10/9/1951,23.65
10/10/1951,23.61
10/11/1951,23.7
10/13/1951,23.8
10/15/1951,23.85
10/16/1951,23.77
10/17/1951,23.69
10/18/1951,23.67
10/19/1951,23.32
10/20/1951,23.13
10/22/1951,22.75
10/23/1951,22.84
10/24/1951,23.03
10/25/1951,22.96
10/26/1951,22.81
10/27/1951,22.45
10/29/1951,22.69
10/30/1951,22.66
10/31/1951,22.94
11/1/1951,23.1
11/2/1951,22.93
11/3/1951,22.74
11/5/1951,22.82
11/7/1951,22.49
11/8/1951,22.47
11/9/1951,22.75
11/10/1951,22.89
11/13/1951,22.79
11/14/1951,22.85
11/15/1951,22.84
11/16/1951,22.82
11/17/1951,22.84
11/19/1951,22.73
11/20/1951,22.68
11/21/1951,22.64
11/23/1951,22.4
11/24/1951,22.3
11/26/1951,22.43
11/27/1951,22.66
11/28/1951,22.61
11/29/1951,22.67
11/30/1951,22.88
12/1/1951,22.94
12/3/1951,23.01
12/4/1951,23.14
12/5/1951,23.07
12/6/1951,23.34
12/7/1951,23.38
12/8/1951,23.41
12/10/1951,23.42
12/11/1951,23.3
12/12/1951,23.37
12/13/1951,23.39
12/14/1951,23.37
12/15/1951,23.36
12/17/1951,23.41
12/18/1951,23.49
12/19/1951,23.57
12/20/1951,23.57
12/21/1951,23.51
12/22/1951,23.53
12/24/1951,23.54
12/26/1951,23.44
12/27/1951,23.65
12/28/1951,23.69
12/29/1951,23.69
12/31/1951,23.77
1/2/1952,23.8
1/3/1952,23.88
1/4/1952,23.92
1/5/1952,23.84
1/7/1952,23.91
1/8/1952,23.82
1/9/1952,23.74
1/10/1952,23.86
1/11/1952,23.98
1/12/1952,24.06
1/14/1952,24.16
1/15/1952,24.06
1/16/1952,24.09
1/17/1952,24.2
1/18/1952,24.25
1/19/1952,24.33
1/21/1952,24.46
1/22/1952,24.66
1/23/1952,24.54
1/24/1952,24.56
1/25/1952,24.55
1/26/1952,24.59
1/28/1952,24.61
1/29/1952,24.57
1/30/1952,24.23
1/31/1952,24.14
2/1/1952,24.3
2/2/1952,24.41
2/4/1952,24.12
2/5/1952,24.11
2/6/1952,24.18
2/7/1952,24.11
2/8/1952,24.24
2/9/1952,24.25
2/11/1952,24.11
2/13/1952,23.92
2/14/1952,23.87
2/15/1952,23.86
2/16/1952,23.84
2/18/1952,23.74
2/19/1952,23.36
2/20/1952,23.09
2/21/1952,23.16
2/23/1952,23.36
2/25/1952,23.23
2/26/1952,23.15
2/27/1952,23.18
2/28/1952,23.29
2/29/1952,23.26
3/1/1952,23.28
3/3/1952,23.29
3/4/1952,23.68
3/5/1952,23.71
3/6/1952,23.69
3/7/1952,23.72
3/8/1952,23.77
3/10/1952,23.6
3/11/1952,23.62
3/12/1952,23.73
3/13/1952,23.75
3/14/1952,23.75
3/15/1952,23.83
3/17/1952,23.92
3/18/1952,23.87
3/19/1952,23.82
3/20/1952,23.89
3/21/1952,23.93
3/22/1952,23.94
3/24/1952,23.93
3/25/1952,23.79
3/26/1952,23.78
3/27/1952,23.99
3/28/1952,24.18
3/29/1952,24.34
3/31/1952,24.37
4/1/1952,24.18
4/2/1952,24.12
4/3/1952,24.12
4/4/1952,24.02
4/5/1952,24
4/7/1952,23.8
4/8/1952,23.91
4/9/1952,23.94
4/10/1952,24.11
4/12/1952,24.15
4/14/1952,23.95
4/15/1952,23.65
4/16/1952,23.58
4/17/1952,23.41
4/18/1952,23.5
4/19/1952,23.51
4/21/1952,23.69
4/22/1952,23.58
4/23/1952,23.48
4/24/1952,23.43
4/25/1952,23.54
4/26/1952,23.58
4/28/1952,23.55
4/29/1952,23.49
4/30/1952,23.32
5/1/1952,23.17
5/2/1952,23.56
5/3/1952,23.59
5/5/1952,23.66
5/6/1952,23.67
5/7/1952,23.81
5/8/1952,23.86
5/9/1952,23.84
5/10/1952,23.8
5/12/1952,23.75
5/13/1952,23.78
5/14/1952,23.68
5/15/1952,23.6
5/16/1952,23.56
5/17/1952,23.56
5/19/1952,23.61
5/20/1952,23.74
5/21/1952,23.78
5/22/1952,23.91
5/23/1952,23.89
5/24/1952,23.89
5/26/1952,23.94
5/27/1952,23.88
5/28/1952,23.84
5/29/1952,23.86
6/2/1952,23.8
6/3/1952,23.78
6/4/1952,23.95
6/5/1952,24.1
6/6/1952,24.26
6/9/1952,24.37
6/10/1952,24.23
6/11/1952,24.31
6/12/1952,24.31
6/13/1952,24.37
6/16/1952,24.3
6/17/1952,24.33
6/18/1952,24.43
6/19/1952,24.51
6/20/1952,24.59
6/23/1952,24.56
6/24/1952,24.6
6/25/1952,24.66
6/26/1952,24.75
6/27/1952,24.83
6/30/1952,24.96
7/1/1952,25.12
7/2/1952,25.06
7/3/1952,25.05
7/7/1952,24.97
7/8/1952,24.96
7/9/1952,24.86
7/10/1952,24.81
7/11/1952,24.98
7/14/1952,25.03
7/15/1952,25.16
7/16/1952,25.16
7/17/1952,25.05
7/18/1952,24.85
7/21/1952,24.95
7/22/1952,25
7/23/1952,25.11
7/24/1952,25.24
7/25/1952,25.16
7/28/1952,25.2
7/29/1952,25.26
7/30/1952,25.37
7/31/1952,25.4
8/1/1952,25.45
8/4/1952,25.43
8/5/1952,25.46
8/6/1952,25.44
8/7/1952,25.52
8/8/1952,25.55
8/11/1952,25.52
8/12/1952,25.31
8/13/1952,25.28
8/14/1952,25.28
8/15/1952,25.2
8/18/1952,24.94
8/19/1952,24.89
8/20/1952,24.95
8/21/1952,24.98
8/22/1952,24.99
8/25/1952,24.87
8/26/1952,24.83
8/27/1952,24.94
8/28/1952,24.97
8/29/1952,25.03
9/2/1952,25.15
9/3/1952,25.25
9/4/1952,25.24
9/5/1952,25.21
9/8/1952,25.11
9/9/1952,24.86
9/10/1952,24.69
9/11/1952,24.72
9/12/1952,24.71
9/15/1952,24.45
9/16/1952,24.53
9/17/1952,24.58
9/18/1952,24.51
9/19/1952,24.57
9/22/1952,24.59
9/23/1952,24.7
9/24/1952,24.79
9/25/1952,24.81
9/26/1952,24.73
9/29/1952,24.68
9/30/1952,24.54
10/1/1952,24.48
10/2/1952,24.52
10/3/1952,24.5
10/6/1952,24.44
10/7/1952,24.4
10/8/1952,24.58
10/9/1952,24.57
10/10/1952,24.55
10/14/1952,24.48
10/15/1952,24.06
10/16/1952,23.91
10/17/1952,24.2
10/20/1952,24.13
10/21/1952,24.07
10/22/1952,23.8
10/23/1952,23.87
10/24/1952,24.03
10/27/1952,24.09
10/28/1952,24.13
10/29/1952,24.15
10/30/1952,24.15
10/31/1952,24.52
11/3/1952,24.6
11/5/1952,24.67
11/6/1952,24.77
11/7/1952,24.78
11/10/1952,24.77
11/12/1952,24.65
11/13/1952,24.71
11/14/1952,24.75
11/17/1952,24.8
11/18/1952,25.16
11/19/1952,25.33
11/20/1952,25.28
11/21/1952,25.27
11/24/1952,25.42
11/25/1952,25.36
11/26/1952,25.52
11/28/1952,25.66
12/1/1952,25.68
12/2/1952,25.74
12/3/1952,25.71
12/4/1952,25.61
12/5/1952,25.62
12/8/1952,25.76
12/9/1952,25.93
12/10/1952,25.98
12/11/1952,25.96
12/12/1952,26.04
12/15/1952,26.04
12/16/1952,26.07
12/17/1952,26.04
12/18/1952,26.03
12/19/1952,26.15
12/22/1952,26.3
12/23/1952,26.19
12/24/1952,26.21
12/26/1952,26.25
12/29/1952,26.4
12/30/1952,26.59
12/31/1952,26.57
1/2/1953,26.54
1/5/1953,26.66
1/6/1953,26.48
1/7/1953,26.37
1/8/1953,26.33
1/9/1953,26.08
1/12/1953,25.86
1/13/1953,26.02
1/14/1953,26.08
1/15/1953,26.13
1/16/1953,26.02
1/19/1953,26.01
1/20/1953,26.14
1/21/1953,26.09
1/22/1953,26.12
1/23/1953,26.07
1/26/1953,26.02
1/27/1953,26.05
1/28/1953,26.13
1/29/1953,26.2
1/30/1953,26.38
2/2/1953,26.51
2/3/1953,26.54
2/4/1953,26.42
2/5/1953,26.15
2/6/1953,26.51
2/9/1953,25.69
2/10/1953,25.62
2/11/1953,25.64
2/13/1953,25.74
2/16/1953,25.65
2/17/1953,25.5
2/18/1953,25.48
2/19/1953,25.57
2/20/1953,25.63
2/24/1953,25.75
2/25/1953,25.91
2/26/1953,25.95
2/27/1953,25.9
3/2/1953,25.93
3/3/1953,26
3/4/1953,25.78
3/5/1953,25.79
3/6/1953,25.84
3/9/1953,25.83
3/10/1953,25.91
3/11/1953,26.12
3/12/1953,26.13
3/13/1953,26.18
3/16/1953,26.22
3/17/1953,26.33
3/18/1953,26.24
3/19/1953,26.22
3/20/1953,26.18
3/23/1953,26.02
3/24/1953,26.17
3/25/1953,26.1
3/26/1953,25.95
3/27/1953,25.99
3/30/1953,25.61
3/31/1953,25.29
4/1/1953,25.25
4/2/1953,25.23
4/6/1953,24.61
4/7/1953,24.71
4/8/1953,24.93
4/9/1953,24.88
4/10/1953,24.82
4/13/1953,24.77
4/14/1953,24.86
4/15/1953,24.96
4/16/1953,24.91
4/17/1953,24.62
4/20/1953,24.73
4/21/1953,24.67
4/22/1953,24.46
4/23/1953,24.19
4/24/1953,24.2
4/27/1953,24.34
4/28/1953,24.52
4/29/1953,24.68
4/30/1953,24.62
5/1/1953,24.73
5/4/1953,25
5/5/1953,25.03
5/6/1953,25
5/7/1953,24.9
5/8/1953,24.9
5/11/1953,24.91
5/12/1953,24.74
5/13/1953,24.71
5/14/1953,24.85
5/15/1953,24.84
5/18/1953,24.75
5/19/1953,24.7
5/20/1953,24.93
5/21/1953,25.06
5/22/1953,25.03
5/25/1953,24.99
5/26/1953,24.87
5/27/1953,24.64
5/28/1953,24.46
5/29/1953,24.54
6/1/1953,24.15
6/2/1953,24.22
6/3/1953,24.18
6/4/1953,24.03
6/5/1953,24.09
6/8/1953,24.01
6/9/1953,23.6
6/10/1953,23.54
6/11/1953,23.75
6/12/1953,23.82
6/15/1953,23.62
6/16/1953,23.55
6/17/1953,23.85
6/18/1953,23.84
6/19/1953,23.84
6/22/1953,23.96
6/23/1953,24.12
6/24/1953,24.09
6/25/1953,24.19
6/26/1953,24.21
6/29/1953,24.14
6/30/1953,24.14
7/1/1953,24.24
7/2/1953,24.31
7/3/1953,24.36
7/6/1953,24.38
7/7/1953,24.51
7/8/1953,24.5
7/9/1953,24.43
7/10/1953,24.41
7/13/1953,24.17
7/14/1953,24.08
7/15/1953,24.15
7/16/1953,24.18
7/17/1953,24.35
7/20/1953,24.22
7/21/1953,24.16
7/22/1953,24.19
7/23/1953,24.23
7/24/1953,24.23
7/27/1953,24.07
7/28/1953,24.11
7/29/1953,24.26
7/30/1953,24.49
7/31/1953,24.75
8/3/1953,24.84
8/4/1953,24.78
8/5/1953,24.68
8/6/1953,24.8
8/7/1953,24.78
8/10/1953,24.75
8/11/1953,24.72
8/12/1953,24.78
8/13/1953,24.73
8/14/1953,24.62
8/17/1953,24.56
8/18/1953,24.46
8/19/1953,24.31
8/20/1953,24.29
8/21/1953,24.35
8/24/1953,24.09
8/25/1953,23.93
8/26/1953,23.86
8/27/1953,23.79
8/28/1953,23.74
8/31/1953,23.32
9/1/1953,23.42
9/2/1953,23.56
9/3/1953,23.51
9/4/1953,23.57
9/8/1953,23.61
9/9/1953,23.65
9/10/1953,23.41
9/11/1953,23.14
9/14/1953,22.71
9/15/1953,22.9
9/16/1953,23.01
9/17/1953,23.07
9/18/1953,22.95
9/21/1953,22.88
9/22/1953,23.2
9/23/1953,23.23
9/24/1953,23.24
9/25/1953,23.3
9/28/1953,23.45
9/29/1953,23.49
9/30/1953,23.35
10/1/1953,23.49
10/2/1953,23.59
10/5/1953,23.48
10/6/1953,23.39
10/7/1953,23.58
10/8/1953,23.62
10/9/1953,23.66
10/13/1953,23.57
10/14/1953,23.68
10/15/1953,23.95
10/16/1953,24.14
10/19/1953,24.16
10/20/1953,24.17
10/21/1953,24.19
10/22/1953,24.3
10/23/1953,24.35
10/26/1953,24.31
10/27/1953,24.26
10/28/1953,24.29
10/29/1953,24.58
10/30/1953,24.54
11/2/1953,24.66
11/4/1953,24.51
11/5/1953,24.64
11/6/1953,24.61
11/9/1953,24.66
11/10/1953,24.37
11/12/1953,24.46
11/13/1953,24.54
11/16/1953,24.38
11/17/1953,24.25
11/18/1953,24.29
11/19/1953,24.4
11/20/1953,24.44
11/23/1953,24.36
11/24/1953,24.5
11/25/1953,24.52
11/27/1953,24.66
11/30/1953,24.76
12/1/1953,24.78
12/2/1953,24.95
12/3/1953,24.97
12/4/1953,24.98
12/7/1953,24.95
12/8/1953,24.87
12/9/1953,24.84
12/10/1953,24.78
12/11/1953,24.76
12/14/1953,24.69
12/15/1953,24.71
12/16/1953,24.96
12/17/1953,24.94
12/18/1953,24.99
12/21/1953,24.95
12/22/1953,24.76
12/23/1953,24.69
12/24/1953,24.8
12/28/1953,24.71
12/29/1953,24.55
12/30/1953,24.76
12/31/1953,24.81
1/4/1954,24.95
1/5/1954,25.1
1/6/1954,25.14
1/7/1954,25.06
1/8/1954,24.93
1/11/1954,24.8
1/12/1954,24.93
1/13/1954,25.07
1/14/1954,25.19
1/15/1954,25.43
1/18/1954,25.43
1/19/1954,25.68
1/20/1954,25.75
1/21/1954,25.79
1/22/1954,25.85
1/25/1954,25.93
1/26/1954,26.09
1/27/1954,26.01
1/28/1954,26.02
1/29/1954,26.08
2/1/1954,25.99
2/2/1954,25.92
2/3/1954,26.01
2/4/1954,26.2
2/5/1954,26.3
2/8/1954,26.23
2/9/1954,26.17
2/10/1954,26.14
2/11/1954,26.06
2/12/1954,26.12
2/15/1954,26.04
2/16/1954,25.81
2/17/1954,25.86
2/18/1954,25.86
2/19/1954,25.92
2/23/1954,25.83
2/24/1954,25.83
2/25/1954,25.91
2/26/1954,26.15
3/1/1954,26.25
3/2/1954,26.32
3/3/1954,26.32
3/4/1954,26.41
3/5/1954,26.52
3/8/1954,26.45
3/9/1954,26.51
3/10/1954,26.57
3/11/1954,26.69
3/12/1954,26.69
3/15/1954,26.57
3/16/1954,26.56
3/17/1954,26.62
3/18/1954,26.73
3/19/1954,26.81
3/22/1954,26.79
3/23/1954,26.6
3/24/1954,26.47
3/25/1954,26.42
3/26/1954,26.56
3/29/1954,26.66
3/30/1954,26.69
3/31/1954,26.94
4/1/1954,27.17
4/2/1954,27.21
4/5/1954,27.26
4/6/1954,27.01
4/7/1954,27.11
4/8/1954,27.38
4/9/1954,27.38
4/12/1954,27.57
4/13/1954,27.64
4/14/1954,27.85
4/15/1954,27.94
4/19/1954,27.76
4/20/1954,27.75
4/21/1954,27.64
4/22/1954,27.68
4/23/1954,27.78
4/26/1954,27.88
4/27/1954,27.71
4/28/1954,27.76
4/29/1954,28.18
4/30/1954,28.26
5/3/1954,28.21
5/4/1954,28.28
5/5/1954,28.29
5/6/1954,28.51
5/7/1954,28.65
5/10/1954,28.62
5/11/1954,28.49
5/12/1954,28.72
5/13/1954,28.56
5/14/1954,28.8
5/17/1954,28.84
5/18/1954,28.85
5/19/1954,28.72
5/20/1954,28.82
5/21/1954,28.99
5/24/1954,29
5/25/1954,28.93
5/26/1954,29.17
5/27/1954,29.05
5/28/1954,29.19
6/1/1954,29.19
6/2/1954,29.16
6/3/1954,29.15
6/4/1954,29.1
6/7/1954,28.99
6/8/1954,28.34
6/9/1954,28.15
6/10/1954,28.34
6/11/1954,28.58
6/14/1954,28.62
6/15/1954,28.83
6/16/1954,29.04
6/17/1954,28.96
6/18/1954,29.04
6/21/1954,29.06
6/22/1954,29.08
6/23/1954,29.13
6/24/1954,29.26
6/25/1954,29.2
6/28/1954,29.28
6/29/1954,29.43
6/30/1954,29.21
7/1/1954,29.21
7/2/1954,29.59
7/6/1954,29.92
7/7/1954,29.94
7/8/1954,29.94
7/9/1954,30.14
7/12/1954,30.12
7/13/1954,30.02
7/14/1954,30.09
7/15/1954,30.19
7/16/1954,30.06
7/19/1954,29.98
7/20/1954,29.84
7/21/1954,30.03
7/22/1954,30.27
7/23/1954,30.31
7/26/1954,30.34
7/27/1954,30.52
7/28/1954,30.58
7/29/1954,30.69
7/30/1954,30.88
8/2/1954,30.99
8/3/1954,30.93
8/4/1954,30.9
8/5/1954,30.77
8/6/1954,30.38
8/9/1954,30.12
8/10/1954,30.37
8/11/1954,30.72
8/12/1954,30.59
8/13/1954,30.72
8/16/1954,31.05
8/17/1954,31.12
8/18/1954,31.09
8/19/1954,31.16
8/20/1954,31.21
8/23/1954,31
8/24/1954,30.87
8/25/1954,30.65
8/26/1954,30.57
8/27/1954,30.66
8/30/1954,30.35
8/31/1954,29.83
9/1/1954,30.04
9/2/1954,30.27
9/3/1954,30.5
9/7/1954,30.66
9/8/1954,30.68
9/9/1954,30.73
9/10/1954,30.84
9/13/1954,31.12
9/14/1954,31.28
9/15/1954,31.29
9/16/1954,31.46
9/17/1954,31.71
9/20/1954,31.57
9/21/1954,31.79
9/22/1954,32
9/23/1954,32.18
9/24/1954,32.4
9/27/1954,32.53
9/28/1954,32.69
9/29/1954,32.5
9/30/1954,32.31
10/1/1954,32.29
10/4/1954,32.47
10/5/1954,32.63
10/6/1954,32.76
10/7/1954,32.69
10/8/1954,32.67
10/11/1954,32.41
10/12/1954,32.28
10/13/1954,32.27
10/14/1954,31.88
10/15/1954,31.71
10/18/1954,31.83
10/19/1954,31.91
10/20/1954,32.17
10/21/1954,32.13
10/22/1954,32.13
10/25/1954,31.96
10/26/1954,31.94
10/27/1954,32.02
10/28/1954,31.88
10/29/1954,31.68
11/1/1954,31.79
11/3/1954,32.44
11/4/1954,32.82
11/5/1954,32.71
11/8/1954,33.02
11/9/1954,33.15
11/10/1954,33.18
11/11/1954,33.47
11/12/1954,33.54
11/15/1954,33.47
11/16/1954,33.57
11/17/1954,33.63
11/18/1954,33.44
11/19/1954,33.45
11/22/1954,33.58
11/23/1954,34.03
11/24/1954,34.22
11/26/1954,34.55
11/29/1954,34.54
11/30/1954,34.24
12/1/1954,33.99
12/2/1954,34.18
12/3/1954,34.49
12/6/1954,34.76
12/7/1954,34.92
12/8/1954,34.86
12/9/1954,34.69
12/10/1954,34.56
12/13/1954,34.59
12/14/1954,34.35
12/15/1954,34.56
12/16/1954,34.93
12/17/1954,35.92
12/20/1954,35.33
12/21/1954,35.38
12/22/1954,35.34
12/23/1954,35.37
12/27/1954,35.07
12/28/1954,35.43
12/29/1954,35.74
12/30/1954,35.74
12/31/1954,35.98
1/3/1955,36.75
1/4/1955,36.42
1/5/1955,35.52
1/6/1955,35.04
1/7/1955,35.33
1/10/1955,35.79
1/11/1955,35.68
1/12/1955,35.58
1/13/1955,35.43
1/14/1955,35.28
1/17/1955,34.58
1/18/1955,34.8
1/19/1955,34.96
1/20/1955,35.13
1/21/1955,35.44
1/24/1955,35.52
1/25/1955,35.51
1/26/1955,35.95
1/27/1955,35.99
1/28/1955,36.19
1/31/1955,36.63
2/1/1955,36.72
2/2/1955,36.61
2/3/1955,36.44
2/4/1955,36.96
2/7/1955,36.96
2/8/1955,36.46
2/9/1955,36.75
2/10/1955,37.08
2/11/1955,37.15
2/14/1955,36.89
2/15/1955,36.89
2/16/1955,36.77
2/17/1955,36.84
2/18/1955,36.89
2/21/1955,36.85
2/23/1955,36.82
2/24/1955,36.62
2/25/1955,36.57
2/28/1955,36.76
3/1/1955,36.83
3/2/1955,37.15
3/3/1955,37.29
3/4/1955,37.52
3/7/1955,37.28
3/8/1955,36.58
3/9/1955,36.22
3/10/1955,36.45
3/11/1955,35.82
3/14/1955,34.96
3/15/1955,35.71
3/16/1955,35.98
3/17/1955,36.12
3/18/1955,36.18
3/21/1955,35.95
3/22/1955,36.17
3/23/1955,36.64
3/24/1955,36.93
3/25/1955,36.96
3/28/1955,36.83
3/29/1955,36.85
3/30/1955,36.52
3/31/1955,36.58
4/1/1955,36.95
4/4/1955,36.83
4/5/1955,36.98
4/6/1955,37.17
4/7/1955,37.34
4/11/1955,37.44
4/12/1955,37.66
4/13/1955,37.71
4/14/1955,37.79
4/15/1955,37.96
4/18/1955,38.27
4/19/1955,38.22
4/20/1955,38.28
4/21/1955,38.32
4/22/1955,38.01
4/25/1955,38.11
4/26/1955,38.31
4/27/1955,38.11
4/28/1955,37.68
4/29/1955,37.96
5/2/1955,38.04
5/3/1955,37.7
5/4/1955,37.64
5/5/1955,37.82
5/6/1955,37.89
5/9/1955,37.93
5/10/1955,37.85
5/11/1955,37.42
5/12/1955,37.2
5/13/1955,37.44
5/16/1955,37.02
5/17/1955,36.97
5/18/1955,37.28
5/19/1955,37.49
5/20/1955,37.74
5/23/1955,37.48
5/24/1955,37.46
5/25/1955,37.6
5/26/1955,37.85
5/27/1955,37.93
5/31/1955,37.91
6/1/1955,37.96
6/2/1955,38.01
6/3/1955,38.37
6/6/1955,39.69
6/7/1955,39.96
6/8/1955,39.22
6/9/1955,39.01
6/10/1955,39.25
6/13/1955,39.62
6/14/1955,39.67
6/15/1955,39.89
6/16/1955,39.96
6/17/1955,40.1
6/20/1955,40.14
6/21/1955,40.51
6/22/1955,40.6
6/23/1955,40.75
6/24/1955,40.96
6/27/1955,40.99
6/28/1955,40.77
6/29/1955,40.79
6/30/1955,41.03
7/1/1955,41.19
7/5/1955,41.69
7/6/1955,43.18
7/7/1955,42.58
7/8/1955,42.64
7/11/1955,42.75
7/12/1955,42.75
7/13/1955,42.24
7/14/1955,42.25
7/15/1955,42.4
7/18/1955,42.36
7/19/1955,42.1
7/20/1955,42.23
7/21/1955,42.64
7/22/1955,43
7/25/1955,43.48
7/26/1955,43.58
7/27/1955,43.76
7/28/1955,43.5
7/29/1955,43.52
8/1/1955,42.93
8/2/1955,43.03
8/3/1955,43.09
8/4/1955,42.36
8/5/1955,42.56
8/8/1955,42.31
8/9/1955,41.75
8/10/1955,41.74
8/11/1955,42.13
8/12/1955,42.21
8/15/1955,42.17
8/16/1955,41.86
8/17/1955,41.9
8/18/1955,41.84
8/19/1955,42.02
8/22/1955,41.98
8/23/1955,42.55
8/24/1955,42.61
8/25/1955,42.8
8/26/1955,42.99
8/29/1955,42.96
8/30/1955,42.92
8/31/1955,43.18
9/1/1955,43.37
9/2/1955,43.6
9/6/1955,43.86
9/7/1955,43.85
9/8/1955,43.88
9/9/1955,43.89
9/12/1955,44.19
9/13/1955,44.8
9/14/1955,44.99
9/15/1955,44.75
9/16/1955,45.09
9/19/1955,45.16
9/20/1955,45.13
9/21/1955,45.39
9/22/1955,45.39
9/23/1955,45.63
9/26/1955,42.61
9/27/1955,43.58
9/28/1955,44.31
9/29/1955,44.03
9/30/1955,43.67
10/3/1955,42.49
10/4/1955,42.82
10/5/1955,42.99
10/6/1955,42.7
10/7/1955,42.38
10/10/1955,41.15
10/11/1955,40.8
10/12/1955,41.52
10/13/1955,41.39
10/14/1955,41.22
10/17/1955,41.35
10/18/1955,41.65
10/19/1955,42.07
10/20/1955,42.59
10/21/1955,42.59
10/24/1955,42.91
10/25/1955,42.63
10/26/1955,42.29
10/27/1955,42.34
10/28/1955,42.37
10/31/1955,42.34
11/1/1955,42.28
11/2/1955,42.35
11/3/1955,43.24
11/4/1955,43.96
11/7/1955,44.15
11/9/1955,44.61
11/10/1955,44.72
11/11/1955,45.24
11/14/1955,46.41
11/15/1955,46.21
11/16/1955,45.91
11/17/1955,45.59
11/18/1955,45.54
11/21/1955,45.22
11/22/1955,45.66
11/23/1955,45.72
11/25/1955,45.68
11/28/1955,45.38
11/29/1955,45.56
11/30/1955,45.51
12/1/1955,45.35
12/2/1955,45.44
12/5/1955,45.7
12/6/1955,45.7
12/7/1955,45.55
12/8/1955,45.82
12/9/1955,45.89
12/12/1955,45.42
12/13/1955,45.45
12/14/1955,45.07
12/15/1955,45.06
12/16/1955,45.13
12/19/1955,45.02
12/20/1955,44.95
12/21/1955,45.84
12/22/1955,45.41
12/23/1955,45.5
12/27/1955,45.22
12/28/1955,45.05
12/29/1955,45.15
12/30/1955,45.48
1/3/1956,45.16
1/4/1956,45
1/5/1956,44.95
1/6/1956,45.14
1/9/1956,44.51
1/10/1956,44.16
1/11/1956,44.38
1/12/1956,44.75
1/13/1956,44.67
1/16/1956,44.14
1/17/1956,44.47
1/18/1956,44.17
1/19/1956,43.72
1/20/1956,43.22
1/23/1956,43.11
1/24/1956,43.65
1/25/1956,43.72
1/26/1956,43.46
1/27/1956,43.35
1/30/1956,43.5
1/31/1956,43.82
2/1/1956,44.03
2/2/1956,44.22
2/3/1956,44.78
2/6/1956,44.81
2/7/1956,44.6
2/8/1956,44.16
2/9/1956,43.66
2/10/1956,43.64
2/13/1956,43.58
2/14/1956,43.42
2/15/1956,44.04
2/16/1956,43.82
2/17/1956,44.52
2/20/1956,44.45
2/21/1956,44.56
2/23/1956,44.95
2/24/1956,45.32
2/27/1956,45.27
2/28/1956,45.43
2/29/1956,45.34
3/1/1956,45.54
3/2/1956,45.81
3/5/1956,46.06
3/6/1956,46.04
3/7/1956,46.01
3/8/1956,46.12
3/9/1956,46.7
3/12/1956,47.13
3/13/1956,47.06
3/14/1956,47.53
3/15/1956,47.99
3/16/1956,48.14
3/19/1956,48.59
3/20/1956,48.87
3/21/1956,48.23
3/22/1956,48.72
3/23/1956,48.83
3/26/1956,48.62
3/27/1956,48.25
3/28/1956,48.51
3/29/1956,48.48
4/2/1956,48.7
4/3/1956,48.53
4/4/1956,48.8
4/5/1956,48.57
4/6/1956,48.85
4/9/1956,48.61
4/10/1956,47.93
4/11/1956,48.31
4/12/1956,48.02
4/13/1956,47.95
4/16/1956,47.96
4/17/1956,47.93
4/18/1956,47.74
4/19/1956,47.57
4/20/1956,47.76
4/23/1956,47.65
4/24/1956,47.26
4/25/1956,47.09
4/26/1956,47.49
4/27/1956,47.99
4/30/1956,48.38
5/1/1956,48.16
5/2/1956,48.17
5/3/1956,48.34
5/4/1956,48.51
5/7/1956,48.22
5/8/1956,48.02
5/9/1956,47.94
5/10/1956,47.16
5/11/1956,47.12
5/14/1956,46.86
5/15/1956,46.37
5/16/1956,46.05
5/17/1956,46.61
5/18/1956,46.39
5/21/1956,45.99
5/22/1956,45.26
5/23/1956,45.02
5/24/1956,44.6
5/25/1956,44.62
5/28/1956,44.1
5/29/1956,45.11
5/31/1956,45.2
6/1/1956,45.58
6/4/1956,45.85
6/5/1956,45.86
6/6/1956,45.63
6/7/1956,45.99
6/8/1956,45.14
6/11/1956,45.71
6/12/1956,46.36
6/13/1956,46.42
6/14/1956,46.31
6/15/1956,46.37
6/18/1956,46.17
6/19/1956,46.22
6/20/1956,46.41
6/21/1956,46.73
6/22/1956,46.59
6/25/1956,46.41
6/26/1956,46.72
6/27/1956,47.07
6/28/1956,47.13
6/29/1956,46.97
7/2/1956,46.93
7/3/1956,47.32
7/5/1956,47.8
7/6/1956,48.04
7/9/1956,48.25
7/10/1956,48.54
7/11/1956,48.69
7/12/1956,48.58
7/13/1956,48.72
7/16/1956,49.14
7/17/1956,49.31
7/18/1956,49.3
7/19/1956,49.32
7/20/1956,49.35
7/23/1956,49.33
7/24/1956,49.33
7/25/1956,49.44
7/26/1956,49.48
7/27/1956,49.08
7/30/1956,49
7/31/1956,49.39
8/1/1956,49.62
8/2/1956,49.64
8/3/1956,49.64
8/6/1956,48.96
8/7/1956,49.16
8/8/1956,49.36
8/9/1956,49.32
8/10/1956,49.09
8/13/1956,48.58
8/14/1956,48
8/15/1956,48.99
8/16/1956,48.88
8/17/1956,48.82
8/20/1956,48.25
8/21/1956,47.89
8/22/1956,47.42
8/23/1956,48
8/24/1956,47.95
8/27/1956,47.66
8/28/1956,47.57
8/29/1956,47.36
8/30/1956,46.94
8/31/1956,47.51
9/4/1956,47.89
9/5/1956,48.02
9/6/1956,48.1
9/7/1956,47.81
9/10/1956,47.56
9/11/1956,47.38
9/12/1956,47.05
9/13/1956,46.09
9/14/1956,47.21
9/17/1956,47.1
9/18/1956,46.79
9/19/1956,46.24
9/20/1956,46.21
9/21/1956,46.58
9/24/1956,46.4
9/25/1956,45.75
9/26/1956,45.82
9/27/1956,45.6
9/28/1956,45.35
10/1/1956,44.7
10/2/1956,45.52
10/3/1956,46.28
10/4/1956,46.29
10/5/1956,46.45
10/8/1956,46.43
10/9/1956,46.2
10/10/1956,46.84
10/11/1956,46.81
10/12/1956,47
10/15/1956,46.86
10/16/1956,46.62
10/17/1956,46.26
10/18/1956,46.34
10/19/1956,46.24
10/22/1956,46.23
10/23/1956,46.12
10/24/1956,45.93
10/25/1956,45.85
10/26/1956,46.27
10/29/1956,46.4
10/30/1956,46.37
10/31/1956,45.58
11/1/1956,46.52
11/2/1956,46.98
11/5/1956,47.6
11/7/1956,47.11
11/8/1956,46.73
11/9/1956,46.34
11/12/1956,46.49
11/13/1956,46.27
11/14/1956,46.01
11/15/1956,45.72
11/16/1956,45.74
11/19/1956,45.29
11/20/1956,44.89
11/21/1956,44.67
11/23/1956,45.14
11/26/1956,44.87
11/27/1956,44.91
11/28/1956,44.43
11/29/1956,44.38
11/30/1956,45.08
12/3/1956,45.98
12/4/1956,45.84
12/5/1956,46.39
12/6/1956,46.81
12/7/1956,47.04
12/10/1956,46.8
12/11/1956,46.48
12/12/1956,46.13
12/13/1956,46.5
12/14/1956,46.54
12/17/1956,46.54
12/18/1956,46.54
12/19/1956,46.43
12/20/1956,46.07
12/21/1956,46.37
12/26/1956,46.39
12/27/1956,46.35
12/28/1956,46.56
12/31/1956,46.67
1/2/1957,46.2
1/3/1957,46.6
1/4/1957,46.66
1/7/1957,46.42
1/8/1957,46.25
1/9/1957,46.16
1/10/1957,46.27
1/11/1957,46.18
1/14/1957,45.86
1/15/1957,45.18
1/16/1957,45.23
1/17/1957,45.22
1/18/1957,44.64
1/21/1957,44.4
1/22/1957,44.53
1/23/1957,44.87
1/24/1957,45.03
1/25/1957,44.82
1/28/1957,44.49
1/29/1957,44.71
1/30/1957,44.91
1/31/1957,44.72
2/1/1957,44.62
2/4/1957,44.53
2/5/1957,43.89
2/6/1957,43.82
2/7/1957,43.62
2/8/1957,43.32
2/11/1957,42.57
2/12/1957,42.39
2/13/1957,43.04
2/14/1957,42.99
2/15/1957,43.51
2/18/1957,43.46
2/19/1957,43.49
2/20/1957,43.63
2/21/1957,43.48
2/25/1957,43.38
2/26/1957,43.45
2/27/1957,43.41
2/28/1957,43.26
3/1/1957,43.74
3/4/1957,44.06
3/5/1957,44.22
3/6/1957,44.23
3/7/1957,44.21
3/8/1957,44.07
3/11/1957,43.78
3/12/1957,43.75
3/13/1957,44.04
3/14/1957,44.07
3/15/1957,44.05
3/18/1957,43.85
3/19/1957,44.04
3/20/1957,44.1
3/21/1957,44.11
3/22/1957,44.06
3/25/1957,43.88
3/26/1957,43.91
3/27/1957,44.09
3/28/1957,44.18
3/29/1957,44.11
4/1/1957,44.14
4/2/1957,44.42
4/3/1957,44.54
4/4/1957,44.44
4/5/1957,44.49
4/8/1957,44.39
4/9/1957,44.79
4/10/1957,44.98
4/11/1957,44.98
4/12/1957,44.98
4/15/1957,44.95
4/16/1957,45.02
4/17/1957,45.08
4/18/1957,45.41
4/22/1957,45.48
4/23/1957,45.65
4/24/1957,45.72
4/25/1957,45.56
4/26/1957,45.5
4/29/1957,45.73
4/30/1957,45.74
5/1/1957,46.02
5/2/1957,46.39
5/3/1957,46.34
5/6/1957,46.27
5/7/1957,46.13
5/8/1957,46.31
5/9/1957,46.36
5/10/1957,46.59
5/13/1957,46.88
5/14/1957,46.67
5/15/1957,46.83
5/16/1957,47.02
5/17/1957,47.15
5/20/1957,47.35
5/21/1957,47.33
5/22/1957,47.14
5/23/1957,47.15
5/24/1957,47.21
5/27/1957,46.78
5/28/1957,46.69
5/29/1957,47.11
5/31/1957,47.43
6/3/1957,47.37
6/4/1957,47.28
6/5/1957,47.27
6/6/1957,47.8
6/7/1957,47.85
6/10/1957,47.9
6/11/1957,47.94
6/12/1957,48.05
6/13/1957,48.14
6/14/1957,48.15
6/17/1957,48.24
6/18/1957,48.04
6/19/1957,47.72
6/20/1957,47.43
6/21/1957,47.15
6/24/1957,46.78
6/25/1957,47.15
6/26/1957,47.09
6/27/1957,47.26
6/28/1957,47.37
7/1/1957,47.43
7/2/1957,47.9
7/3/1957,48.46
7/5/1957,48.69
7/8/1957,48.9
7/9/1957,48.9
7/10/1957,49
7/11/1957,48.86
7/12/1957,49.08
7/15/1957,49.13
7/16/1957,48.88
7/17/1957,48.58
7/18/1957,48.53
7/19/1957,48.58
7/22/1957,48.47
7/23/1957,48.56
7/24/1957,48.61
7/25/1957,48.61
7/26/1957,48.45
7/29/1957,47.92
7/30/1957,47.92
7/31/1957,47.91
8/1/1957,47.79
8/2/1957,47.68
8/5/1957,47.26
8/6/1957,46.67
8/7/1957,47.03
8/8/1957,46.9
8/9/1957,46.92
8/12/1957,46.33
8/13/1957,46.3
8/14/1957,45.73
8/15/1957,45.75
8/16/1957,45.83
8/19/1957,44.91
8/20/1957,45.29
8/21/1957,45.49
8/22/1957,45.16
8/23/1957,44.51
8/26/1957,43.89
8/27/1957,44.61
8/28/1957,44.64
8/29/1957,44.46
8/30/1957,45.22
9/3/1957,45.44
9/4/1957,45.05
9/5/1957,44.82
9/6/1957,44.68
9/9/1957,44.28
9/10/1957,43.87
9/11/1957,44.26
9/12/1957,44.82
9/13/1957,44.8
9/16/1957,44.58
9/17/1957,44.64
9/18/1957,44.69
9/19/1957,44.4
9/20/1957,43.69
9/23/1957,42.69
9/24/1957,42.98
9/25/1957,42.98
9/26/1957,42.57
9/27/1957,42.55
9/30/1957,42.42
10/1/1957,42.76
10/2/1957,43.1
10/3/1957,43.14
10/4/1957,42.79
10/7/1957,42.22
10/8/1957,41.95
10/9/1957,41.99
10/10/1957,40.96
10/11/1957,40.94
10/14/1957,41.24
10/15/1957,41.67
10/16/1957,41.33
10/17/1957,40.65
10/18/1957,40.33
10/21/1957,39.15
10/22/1957,38.98
10/23/1957,40.73
10/24/1957,40.71
10/25/1957,40.59
10/28/1957,40.42
10/29/1957,40.69
10/30/1957,41.02
10/31/1957,41.06
11/1/1957,40.44
11/4/1957,40.37
11/6/1957,40.43
11/7/1957,40.67
11/8/1957,40.19
11/11/1957,40.18
11/12/1957,39.6
11/13/1957,39.55
11/14/1957,39.44
11/15/1957,40.37
11/18/1957,40.04
11/19/1957,39.81
11/20/1957,39.92
11/21/1957,40.48
11/22/1957,40.87
11/25/1957,41.18
11/26/1957,40.09
11/27/1957,41.25
11/29/1957,41.72
12/2/1957,41.36
12/3/1957,41.37
12/4/1957,41.54
12/5/1957,41.52
12/6/1957,41.31
12/9/1957,40.92
12/10/1957,40.56
12/11/1957,40.51
12/12/1957,40.55
12/13/1957,40.73
12/16/1957,40.12
12/17/1957,39.42
12/18/1957,39.38
12/19/1957,39.8
12/20/1957,39.48
12/23/1957,39.48
12/24/1957,39.52
12/26/1957,39.92
12/27/1957,39.78
12/30/1957,39.58
12/31/1957,39.99
1/2/1958,40.33
1/3/1958,40.87
1/6/1958,40.68
1/7/1958,41
1/8/1958,40.99
1/9/1958,40.75
1/10/1958,40.37
1/13/1958,40.49
1/14/1958,40.67
1/15/1958,40.99
1/16/1958,41.06
1/17/1958,41.1
1/20/1958,41.35
1/21/1958,41.3
1/22/1958,41.2
1/23/1958,41.36
1/24/1958,41.71
1/27/1958,41.59
1/28/1958,41.63
1/29/1958,41.88
1/30/1958,41.68
1/31/1958,41.7
2/3/1958,42.04
2/4/1958,42.46
2/5/1958,42.19
2/6/1958,42.1
2/7/1958,41.73
2/10/1958,41.48
2/11/1958,41.11
2/12/1958,40.93
2/13/1958,40.94
2/14/1958,41.33
2/17/1958,41.11
2/18/1958,41.17
2/19/1958,41.15
2/20/1958,40.91
2/21/1958,40.88
2/24/1958,40.65
2/25/1958,40.61
2/26/1958,40.92
2/27/1958,40.68
2/28/1958,40.84
3/3/1958,41.13
3/4/1958,41.35
3/5/1958,41.47
3/6/1958,42
3/7/1958,42.07
3/10/1958,42.21
3/11/1958,42.51
3/12/1958,42.41
3/13/1958,42.46
3/14/1958,42.33
3/17/1958,42.04
3/18/1958,41.89
3/19/1958,42.09
3/20/1958,42.11
3/21/1958,42.42
3/24/1958,42.58
3/25/1958,42.44
3/26/1958,42.3
3/27/1958,42.17
3/28/1958,42.2
3/31/1958,42.1
4/1/1958,41.93
4/2/1958,41.6
4/3/1958,41.48
4/7/1958,41.33
4/8/1958,41.43
4/9/1958,41.65
4/10/1958,41.7
4/11/1958,41.74
4/14/1958,42
4/15/1958,42.43
4/16/1958,42.1
4/17/1958,42.25
4/18/1958,42.71
4/21/1958,42.93
4/22/1958,42.8
4/23/1958,42.8
4/24/1958,43.14
4/25/1958,43.36
4/28/1958,43.22
4/29/1958,43
4/30/1958,43.44
5/1/1958,43.54
5/2/1958,43.69
5/5/1958,43.79
5/6/1958,44.01
5/7/1958,43.93
5/8/1958,43.99
5/9/1958,44.09
5/12/1958,43.75
5/13/1958,43.62
5/14/1958,43.12
5/15/1958,43.34
5/16/1958,43.36
5/19/1958,43.24
5/20/1958,43.61
5/21/1958,43.55
5/22/1958,43.78
5/23/1958,43.87
5/26/1958,43.85
5/27/1958,43.79
5/28/1958,43.85
5/29/1958,44.09
6/2/1958,44.31
6/3/1958,44.46
6/4/1958,44.5
6/5/1958,44.55
6/6/1958,44.64
6/9/1958,44.57
6/10/1958,44.48
6/11/1958,44.49
6/12/1958,44.75
6/13/1958,45.02
6/16/1958,45.18
6/17/1958,44.94
6/18/1958,45.34
6/19/1958,44.61
6/20/1958,44.85
6/23/1958,44.69
6/24/1958,44.52
6/25/1958,44.63
6/26/1958,44.84
6/27/1958,44.9
6/30/1958,45.24
7/1/1958,45.28
7/2/1958,45.32
7/3/1958,45.47
7/7/1958,45.62
7/8/1958,45.4
7/9/1958,45.25
7/10/1958,45.42
7/11/1958,45.72
7/14/1958,45.14
7/15/1958,45.11
7/16/1958,45.25
7/17/1958,45.55
7/18/1958,45.77
7/21/1958,46.33
7/22/1958,46.41
7/23/1958,46.4
7/24/1958,46.65
7/25/1958,46.97
7/28/1958,47.15
7/29/1958,46.96
7/30/1958,47.09
7/31/1958,47.19
8/1/1958,47.49
8/4/1958,47.94
8/5/1958,47.75
8/6/1958,47.46
8/7/1958,47.77
8/8/1958,48.05
8/11/1958,48.16
8/12/1958,47.73
8/13/1958,47.81
8/14/1958,47.91
8/15/1958,47.5
8/18/1958,47.22
8/19/1958,47.3
8/20/1958,47.32
8/21/1958,47.63
8/22/1958,47.73
8/25/1958,47.74
8/26/1958,47.9
8/27/1958,47.91
8/28/1958,47.66
8/29/1958,47.75
9/2/1958,48
9/3/1958,48.18
9/4/1958,48.1
9/5/1958,47.97
9/8/1958,48.13
9/9/1958,48.46
9/10/1958,48.31
9/11/1958,48.64
9/12/1958,48.53
9/15/1958,48.96
9/16/1958,49.35
9/17/1958,49.35
9/18/1958,49.38
9/19/1958,49.4
9/22/1958,49.2
9/23/1958,49.56
9/24/1958,49.78
9/25/1958,49.57
9/26/1958,49.66
9/29/1958,49.87
9/30/1958,50.06
10/1/1958,49.98
10/2/1958,50.17
10/3/1958,50.37
10/6/1958,51.07
10/7/1958,51.07
10/8/1958,51.06
10/9/1958,51.05
10/10/1958,51.39
10/13/1958,51.62
10/14/1958,51.26
10/15/1958,50.58
10/16/1958,50.94
10/17/1958,51.46
10/20/1958,51.27
10/21/1958,51.27
10/22/1958,51.07
10/23/1958,50.97
10/24/1958,50.81
10/27/1958,50.42
10/28/1958,50.58
10/29/1958,51.07
10/30/1958,51.27
10/31/1958,51.33
11/3/1958,51.56
11/5/1958,52.03
11/6/1958,52.45
11/7/1958,52.26
11/10/1958,52.57
11/11/1958,52.98
11/12/1958,53.05
11/13/1958,52.83
11/14/1958,53.09
11/17/1958,53.24
11/18/1958,53.13
11/19/1958,53.2
11/20/1958,53.21
11/21/1958,52.7
11/24/1958,52.03
11/25/1958,51.02
11/26/1958,51.9
11/28/1958,52.48
12/1/1958,52.69
12/2/1958,52.46
12/3/1958,52.53
12/4/1958,52.55
12/5/1958,52.46
12/8/1958,52.46
12/9/1958,52.82
12/10/1958,53.46
12/11/1958,53.35
12/12/1958,53.22
12/15/1958,53.37
12/16/1958,53.57
12/17/1958,53.92
12/18/1958,54.15
12/19/1958,54.07
12/22/1958,53.71
12/23/1958,53.42
12/24/1958,54.11
12/29/1958,54.74
12/30/1958,54.93
12/31/1958,55.21
1/2/1959,55.44
1/5/1959,55.66
1/6/1959,55.59
1/7/1959,54.89
1/8/1959,55.4
1/9/1959,55.77
1/12/1959,55.78
1/13/1959,55.47
1/14/1959,55.62
1/15/1959,55.83
1/16/1959,55.81
1/19/1959,55.68
1/20/1959,55.72
1/21/1959,56.04
1/22/1959,55.97
1/23/1959,56
1/26/1959,55.77
1/27/1959,55.78
1/28/1959,55.16
1/29/1959,55.2
1/30/1959,55.45
2/2/1959,55.21
2/3/1959,55.28
2/4/1959,55.06
2/5/1959,54.81
2/6/1959,54.37
2/9/1959,53.58
2/10/1959,54.32
2/11/1959,54.35
2/12/1959,54
2/13/1959,54.42
2/16/1959,54.5
2/17/1959,54.29
2/18/1959,54.3
2/19/1959,55.5
2/20/1959,55.52
2/24/1959,55.48
2/25/1959,55.24
2/26/1959,55.34
2/27/1959,55.41
3/2/1959,55.73
3/3/1959,56.25
3/4/1959,56.35
3/5/1959,56.43
3/6/1959,56.21
3/9/1959,56.15
3/10/1959,56.31
3/11/1959,56.35
3/12/1959,56.6
3/13/1959,56.67
3/16/1959,56.06
3/17/1959,56.52
3/18/1959,56.39
3/19/1959,56.34
3/20/1959,56.39
3/23/1959,55.87
3/24/1959,55.96
3/25/1959,55.88
3/26/1959,55.76
3/30/1959,55.45
3/31/1959,55.44
4/1/1959,55.69
4/2/1959,56
4/3/1959,56.44
4/6/1959,56.6
4/7/1959,56.48
4/8/1959,56.21
4/9/1959,56.17
4/10/1959,56.22
4/13/1959,56.43
4/14/1959,56.71
4/15/1959,56.96
4/16/1959,57.43
4/17/1959,57.92
4/20/1959,58.17
4/21/1959,58.11
4/22/1959,57.73
4/23/1959,57.6
4/24/1959,57.96
4/27/1959,58.14
4/28/1959,57.92
4/29/1959,57.69
4/30/1959,57.59
5/1/1959,57.65
5/4/1959,57.65
5/5/1959,57.75
5/6/1959,57.61
5/7/1959,56.88
5/8/1959,57.32
5/11/1959,57.96
5/12/1959,57.96
5/13/1959,57.97
5/14/1959,58.37
5/15/1959,58.16
5/18/1959,58.15
5/19/1959,58.32
5/20/1959,58.09
5/21/1959,58.14
5/22/1959,58.33
5/25/1959,58.18
5/26/1959,58.09
5/27/1959,58.19
5/28/1959,58.39
5/29/1959,58.68
6/1/1959,58.63
6/2/1959,58.23
6/3/1959,58.25
6/4/1959,57.63
6/5/1959,57.51
6/8/1959,56.76
6/9/1959,56.36
6/10/1959,57.19
6/11/1959,57.25
6/12/1959,57.29
6/15/1959,56.99
6/16/1959,56.56
6/17/1959,57.09
6/18/1959,57.05
6/19/1959,57.13
6/22/1959,57.13
6/23/1959,57.12
6/24/1959,57.41
6/25/1959,57.73
6/26/1959,57.98
6/29/1959,58.37
6/30/1959,58.47
7/1/1959,58.97
7/2/1959,59.28
7/6/1959,59.65
7/7/1959,60.01
7/8/1959,60.03
7/9/1959,59.97
7/10/1959,59.91
7/13/1959,59.41
7/14/1959,59.55
7/15/1959,59.59
7/16/1959,59.41
7/17/1959,59.19
7/20/1959,58.91
7/21/1959,59.41
7/22/1959,59.61
7/23/1959,59.67
7/24/1959,59.65
7/27/1959,60.02
7/28/1959,60.32
7/29/1959,60.62
7/30/1959,60.5
7/31/1959,60.51
8/3/1959,60.71
8/4/1959,60.61
8/5/1959,60.3
8/6/1959,60.24
8/7/1959,59.87
8/10/1959,58.62
8/11/1959,59.39
8/12/1959,59.25
8/13/1959,59.15
8/14/1959,59.29
8/17/1959,59.17
8/18/1959,58.62
8/19/1959,58.27
8/20/1959,59.14
8/21/1959,59.08
8/24/1959,58.87
8/25/1959,58.99
8/26/1959,59.07
8/27/1959,59.58
8/28/1959,59.6
8/31/1959,59.6
9/1/1959,58.87
9/2/1959,58.92
9/3/1959,58.26
9/4/1959,58.54
9/8/1959,57.7
9/9/1959,57.29
9/10/1959,56.99
9/11/1959,57.41
9/14/1959,56.99
9/15/1959,56.68
9/16/1959,56.72
9/17/1959,56.41
9/18/1959,56.19
9/21/1959,55.27
9/22/1959,55.14
9/23/1959,55.82
9/24/1959,56.78
9/25/1959,56.73
9/28/1959,57.15
9/29/1959,57.51
9/30/1959,56.88
10/1/1959,56.94
10/2/1959,57.2
10/5/1959,57.14
10/6/1959,57.09
10/7/1959,56.94
10/8/1959,56.81
10/9/1959,57
10/12/1959,57.32
10/13/1959,57.16
10/14/1959,56.71
10/15/1959,56.87
10/16/1959,57.33
10/19/1959,57.01
10/20/1959,56.66
10/21/1959,56.55
10/22/1959,56
10/23/1959,56.56
10/26/1959,56.94
10/27/1959,57.42
10/28/1959,57.46
10/29/1959,57.41
10/30/1959,57.52
11/2/1959,57.41
11/4/1959,57.26
11/5/1959,57.32
11/6/1959,57.6
11/9/1959,57.5
11/10/1959,57.48
11/11/1959,57.49
11/12/1959,57.17
11/13/1959,56.85
11/16/1959,56.22
11/17/1959,56.38
11/18/1959,56.99
11/19/1959,56.94
11/20/1959,56.97
11/23/1959,57.08
11/24/1959,57.35
11/25/1959,57.44
11/27/1959,57.7
11/30/1959,58.28
12/1/1959,58.7
12/2/1959,58.6
12/3/1959,58.73
12/4/1959,58.85
12/7/1959,58.96
12/8/1959,59.34
12/9/1959,58.97
12/10/1959,59.02
12/11/1959,58.88
12/14/1959,59.04
12/15/1959,58.9
12/16/1959,58.97
12/17/1959,58.86
12/18/1959,59.14
12/21/1959,59.21
12/22/1959,59.14
12/23/1959,58.96
12/24/1959,59
12/28/1959,58.98
12/29/1959,59.3
12/30/1959,59.77
12/31/1959,59.89
1/4/1960,59.91
1/5/1960,60.39
1/6/1960,60.13
1/7/1960,59.69
1/8/1960,59.5
1/11/1960,58.77
1/12/1960,58.41
1/13/1960,58.08
1/14/1960,58.4
1/15/1960,58.38
1/18/1960,57.89
1/19/1960,57.27
1/20/1960,57.07
1/21/1960,57.21
1/22/1960,57.38
1/25/1960,56.78
1/26/1960,56.86
1/27/1960,56.72
1/28/1960,56.13
1/29/1960,55.61
2/1/1960,55.96
2/2/1960,56.82
2/3/1960,56.32
2/4/1960,56.27
2/5/1960,55.98
2/8/1960,55.32
2/9/1960,55.84
2/10/1960,55.49
2/11/1960,55.18
2/12/1960,55.46
2/15/1960,55.17
2/16/1960,54.73
2/17/1960,55.03
2/18/1960,55.8
2/19/1960,56.24
2/23/1960,55.94
2/24/1960,55.74
2/25/1960,55.93
2/26/1960,56.16
2/29/1960,56.12
3/1/1960,56.01
3/2/1960,55.62
3/3/1960,54.78
3/4/1960,54.57
3/7/1960,54.02
3/8/1960,53.47
3/9/1960,54.04
3/10/1960,53.83
3/11/1960,54.24
3/14/1960,54.32
3/15/1960,54.74
3/16/1960,55.04
3/17/1960,54.96
3/18/1960,55.01
3/21/1960,55.07
3/22/1960,55.29
3/23/1960,55.74
3/24/1960,55.98
3/25/1960,55.98
3/28/1960,55.86
3/29/1960,55.78
3/30/1960,55.66
3/31/1960,55.34
4/1/1960,55.43
4/4/1960,55.54
4/5/1960,55.37
4/6/1960,56.51
4/7/1960,56.52
4/8/1960,56.39
4/11/1960,56.17
4/12/1960,56.3
4/13/1960,56.3
4/14/1960,56.43
4/18/1960,56.59
4/19/1960,56.13
4/20/1960,55.44
4/21/1960,55.59
4/22/1960,55.42
4/25/1960,54.86
4/26/1960,55.04
4/27/1960,55.04
4/28/1960,54.56
4/29/1960,54.37
5/2/1960,54.13
5/3/1960,54.83
5/4/1960,55.04
5/5/1960,54.86
5/6/1960,54.75
5/9/1960,54.8
5/10/1960,54.42
5/11/1960,54.57
5/12/1960,54.85
5/13/1960,55.3
5/16/1960,55.25
5/17/1960,55.46
5/18/1960,55.44
5/19/1960,55.68
5/20/1960,55.73
5/23/1960,55.76
5/24/1960,55.7
5/25/1960,55.67
5/26/1960,55.71
5/27/1960,55.74
5/31/1960,55.83
6/1/1960,55.89
6/2/1960,56.13
6/3/1960,56.23
6/6/1960,56.89
6/7/1960,57.43
6/8/1960,57.89
6/9/1960,58
6/10/1960,57.97
6/13/1960,57.99
6/14/1960,57.91
6/15/1960,57.57
6/16/1960,57.5
6/17/1960,57.44
6/20/1960,57.16
6/21/1960,57.11
6/22/1960,57.28
6/23/1960,57.59
6/24/1960,57.68
6/27/1960,57.33
6/28/1960,56.94
6/29/1960,56.94
6/30/1960,56.92
7/1/1960,57.06
7/5/1960,57.02
7/6/1960,56.94
7/7/1960,57.24
7/8/1960,57.38
7/11/1960,56.87
7/12/1960,56.25
7/13/1960,56.1
7/14/1960,56.12
7/15/1960,56.05
7/18/1960,55.7
7/19/1960,55.7
7/20/1960,55.61
7/21/1960,55.1
7/22/1960,54.72
7/25/1960,54.18
7/26/1960,54.51
7/27/1960,54.17
7/28/1960,54.57
7/29/1960,55.51
8/1/1960,55.53
8/2/1960,55.04
8/3/1960,54.72
8/4/1960,54.89
8/5/1960,55.44
8/8/1960,55.52
8/9/1960,55.84
8/10/1960,56.07
8/11/1960,56.28
8/12/1960,56.66
8/15/1960,56.61
8/16/1960,56.72
8/17/1960,56.84
8/18/1960,56.81
8/19/1960,57.01
8/22/1960,57.19
8/23/1960,57.75
8/24/1960,58.07
8/25/1960,57.79
8/26/1960,57.6
8/29/1960,57.44
8/30/1960,56.84
8/31/1960,56.96
9/1/1960,57.09
9/2/1960,57
9/6/1960,56.49
9/7/1960,55.79
9/8/1960,55.74
9/9/1960,56.11
9/12/1960,55.72
9/13/1960,55.83
9/14/1960,55.44
9/15/1960,55.22
9/16/1960,55.11
9/19/1960,53.86
9/20/1960,54.01
9/21/1960,54.57
9/22/1960,54.36
9/23/1960,53.9
9/26/1960,53.06
9/27/1960,52.94
9/28/1960,52.48
9/29/1960,52.62
9/30/1960,53.52
10/3/1960,53.36
10/4/1960,52.99
10/5/1960,53.39
10/6/1960,53.72
10/7/1960,54.03
10/10/1960,54.14
10/11/1960,54.22
10/12/1960,54.15
10/13/1960,54.57
10/14/1960,54.86
10/17/1960,54.63
10/18/1960,54.35
10/19/1960,54.25
10/20/1960,53.86
10/21/1960,53.72
10/24/1960,52.7
10/25/1960,52.2
10/26/1960,53.05
10/27/1960,53.62
10/28/1960,53.41
10/31/1960,53.39
11/1/1960,53.94
11/2/1960,54.22
11/3/1960,54.43
11/4/1960,54.9
11/7/1960,55.11
11/9/1960,55.35
11/10/1960,56.43
11/11/1960,55.87
11/14/1960,55.59
11/15/1960,55.81
11/16/1960,55.7
11/17/1960,55.55
11/18/1960,55.82
11/21/1960,55.93
11/22/1960,55.72
11/23/1960,55.8
11/25/1960,56.13
11/28/1960,56.03
11/29/1960,55.83
11/30/1960,55.54
12/1/1960,55.3
12/2/1960,55.39
12/5/1960,55.31
12/6/1960,55.47
12/7/1960,56.02
12/8/1960,56.15
12/9/1960,56.65
12/12/1960,56.85
12/13/1960,56.88
12/14/1960,56.84
12/15/1960,56.68
12/16/1960,57.2
12/19/1960,57.13
12/20/1960,57.09
12/21/1960,57.55
12/22/1960,57.39
12/23/1960,57.44
12/27/1960,57.52
12/28/1960,57.78
12/29/1960,58.05
12/30/1960,58.11
1/3/1961,57.57
1/4/1961,58.36
1/5/1961,58.57
1/6/1961,58.4
1/9/1961,58.81
1/10/1961,58.97
1/11/1961,59.14
1/12/1961,59.32
1/13/1961,59.6
1/16/1961,59.58
1/17/1961,59.64
1/18/1961,59.68
1/19/1961,59.77
1/20/1961,59.96
1/23/1961,60.29
1/24/1961,60.45
1/25/1961,60.53
1/26/1961,60.62
1/27/1961,61.24
1/30/1961,61.97
1/31/1961,61.78
2/1/1961,61.9
2/2/1961,62.3
2/3/1961,62.22
2/6/1961,61.76
2/7/1961,61.65
2/8/1961,62.21
2/9/1961,62.02
2/10/1961,61.5
2/13/1961,61.14
2/14/1961,61.41
2/15/1961,61.92
2/16/1961,62.3
2/17/1961,62.1
2/20/1961,62.32
2/21/1961,62.36
2/23/1961,62.59
2/24/1961,62.84
2/27/1961,63.3
2/28/1961,63.44
3/1/1961,63.43
3/2/1961,63.85
3/3/1961,63.95
3/6/1961,64.05
3/7/1961,63.47
3/8/1961,63.44
3/9/1961,63.5
3/10/1961,63.48
3/13/1961,63.66
3/14/1961,63.38
3/15/1961,63.57
3/16/1961,64.21
3/17/1961,64
3/20/1961,64.86
3/21/1961,64.74
3/22/1961,64.7
3/23/1961,64.53
3/24/1961,64.42
3/27/1961,64.35
3/28/1961,64.38
3/29/1961,64.93
3/30/1961,65.06
4/3/1961,65.6
4/4/1961,65.66
4/5/1961,65.46
4/6/1961,65.61
4/7/1961,65.96
4/10/1961,66.53
4/11/1961,66.62
4/12/1961,66.31
4/13/1961,66.26
4/14/1961,66.37
4/17/1961,68.68
4/18/1961,66.2
4/19/1961,65.81
4/20/1961,65.82
4/21/1961,65.77
4/24/1961,64.4
4/25/1961,65.3
4/26/1961,65.55
4/27/1961,65.46
4/28/1961,65.31
5/1/1961,65.17
5/2/1961,65.64
5/3/1961,66.18
5/4/1961,66.44
5/5/1961,66.52
5/8/1961,66.41
5/9/1961,66.47
5/10/1961,66.41
5/11/1961,66.39
5/12/1961,66.5
5/15/1961,66.83
5/16/1961,67.08
5/17/1961,67.39
5/18/1961,66.99
5/19/1961,67.27
5/22/1961,66.85
5/23/1961,66.68
5/24/1961,66.26
5/25/1961,66.01
5/26/1961,66.43
5/31/1961,66.56
6/1/1961,66.56
6/2/1961,66.73
6/5/1961,67.08
6/6/1961,66.89
6/7/1961,65.64
6/8/1961,66.67
6/9/1961,66.66
6/12/1961,66.15
6/13/1961,65.8
6/14/1961,65.98
6/15/1961,65.69
6/16/1961,65.18
6/19/1961,64.58
6/20/1961,65.15
6/21/1961,65.14
6/22/1961,64.9
6/23/1961,65.16
6/26/1961,64.47
6/27/1961,64.47
6/28/1961,64.59
6/29/1961,64.52
6/30/1961,64.64
7/3/1961,65.21
7/5/1961,65.63
7/6/1961,65.81
7/7/1961,65.77
7/10/1961,65.71
7/11/1961,65.69
7/12/1961,65.32
7/13/1961,64.86
7/14/1961,65.28
7/17/1961,64.79
7/18/1961,64.41
7/19/1961,64.7
7/20/1961,64.71
7/21/1961,64.86
7/24/1961,64.87
7/25/1961,65.23
7/26/1961,65.84
7/27/1961,66.61
7/28/1961,66.71
7/31/1961,66.76
8/1/1961,67.37
8/2/1961,66.94
8/3/1961,67.29
8/4/1961,67.68
8/7/1961,67.67
8/8/1961,67.82
8/9/1961,67.74
8/10/1961,67.95
8/11/1961,68.06
8/14/1961,67.72
8/15/1961,67.55
8/16/1961,67.73
8/17/1961,68.11
8/18/1961,68.29
8/21/1961,68.43
8/22/1961,68.44
8/23/1961,67.98
8/24/1961,67.59
8/25/1961,67.67
8/28/1961,67.7
8/29/1961,67.55
8/30/1961,67.81
8/31/1961,68.07
9/1/1961,68.19
9/5/1961,67.96
9/6/1961,68.46
9/7/1961,68.35
9/8/1961,67.88
9/11/1961,67.28
9/12/1961,67.96
9/13/1961,68.01
9/14/1961,67.53
9/15/1961,67.65
9/18/1961,67.21
9/19/1961,66.08
9/20/1961,66.96
9/21/1961,66.99
9/22/1961,66.72
9/25/1961,65.77
9/26/1961,65.78
9/27/1961,66.47
9/28/1961,66.58
9/29/1961,66.73
10/2/1961,66.77
10/3/1961,66.73
10/4/1961,67.18
10/5/1961,67.77
10/6/1961,66.97
10/9/1961,67.94
10/10/1961,68.11
10/11/1961,68.17
10/12/1961,68.16
10/13/1961,68.04
10/16/1961,67.85
10/17/1961,67.87
10/18/1961,68.21
10/19/1961,68.45
10/20/1961,68
10/23/1961,68.06
10/24/1961,67.98
10/25/1961,68.34
10/26/1961,68.46
10/27/1961,68.34
10/30/1961,68.42
10/31/1961,68.62
11/1/1961,68.73
11/2/1961,69.11
11/3/1961,69.47
11/6/1961,70.01
11/8/1961,70.87
11/9/1961,70.77
11/10/1961,71.07
11/13/1961,71.27
11/14/1961,71.66
11/15/1961,71.67
11/16/1961,71.62
11/17/1961,71.62
11/20/1961,71.72
11/21/1961,71.78
11/22/1961,71.7
11/24/1961,71.84
11/27/1961,71.85
11/28/1961,71.75
11/29/1961,71.7
11/30/1961,71.32
12/1/1961,71.78
12/4/1961,72.01
12/5/1961,71.93
12/6/1961,71.99
12/7/1961,71.7
12/8/1961,72.04
12/11/1961,72.39
12/12/1961,72.64
12/13/1961,72.53
12/14/1961,71.98
12/15/1961,72.01
12/18/1961,71.76
12/19/1961,71.26
12/20/1961,71.12
12/21/1961,70.86
12/22/1961,70.91
12/26/1961,71.02
12/27/1961,71.65
12/28/1961,71.69
12/29/1961,71.55
1/2/1962,70.96
1/3/1962,71.13
1/4/1962,70.64
1/5/1962,69.66
1/8/1962,69.12
1/9/1962,69.15
1/10/1962,68.96
1/11/1962,69.37
1/12/1962,69.61
1/15/1962,69.47
1/16/1962,69.07
1/17/1962,68.32
1/18/1962,68.39
1/19/1962,68.75
1/22/1962,68.81
1/23/1962,68.29
1/24/1962,68.4
1/25/1962,68.35
1/26/1962,68.13
1/29/1962,67.9
1/30/1962,68.17
1/31/1962,68.84
2/1/1962,69.26
2/2/1962,69.81
2/5/1962,69.88
2/6/1962,69.96
2/7/1962,70.42
2/8/1962,70.58
2/9/1962,70.48
2/12/1962,70.46
2/13/1962,70.45
2/14/1962,70.42
2/15/1962,70.74
2/16/1962,70.59
2/19/1962,70.41
2/20/1962,70.66
2/21/1962,70.32
2/23/1962,70.16
2/26/1962,69.76
2/27/1962,69.89
2/28/1962,69.96
3/1/1962,70.2
3/2/1962,70.16
3/5/1962,70.01
3/6/1962,69.78
3/7/1962,69.69
3/8/1962,70.19
3/9/1962,70.42
3/12/1962,70.4
3/13/1962,70.6
3/14/1962,70.91
3/15/1962,71.06
3/16/1962,70.94
3/19/1962,70.85
3/20/1962,70.66
3/21/1962,70.51
3/22/1962,70.4
3/23/1962,70.45
3/26/1962,69.89
3/27/1962,69.7
3/28/1962,70.04
3/29/1962,70.01
3/30/1962,69.55
4/2/1962,69.37
4/3/1962,68.81
4/4/1962,68.49
4/5/1962,68.91
4/6/1962,68.84
4/9/1962,68.31
4/10/1962,68.56
4/11/1962,68.41
4/12/1962,67.9
4/13/1962,67.9
4/16/1962,67.6
4/17/1962,67.9
4/18/1962,68.27
4/19/1962,68.59
4/23/1962,68.53
4/24/1962,68.46
4/25/1962,67.71
4/26/1962,67.05
4/27/1962,66.3
4/30/1962,65.24
5/1/1962,65.7
5/2/1962,65.99
5/3/1962,66.53
5/4/1962,66.24
5/7/1962,66.02
5/8/1962,65.17
5/9/1962,64.26
5/10/1962,63.57
5/11/1962,62.65
5/14/1962,63.1
5/15/1962,64.29
5/16/1962,64.27
5/17/1962,63.93
5/18/1962,63.82
5/21/1962,63.59
5/22/1962,62.34
5/23/1962,61.11
5/24/1962,60.62
5/25/1962,59.47
5/28/1962,55.5
5/29/1962,58.08
5/31/1962,59.63
6/1/1962,59.38
6/4/1962,57.27
6/5/1962,57.57
6/6/1962,58.39
6/7/1962,58.4
6/8/1962,58.45
6/11/1962,57.82
6/12/1962,56.34
6/13/1962,55.5
6/14/1962,54.33
6/15/1962,55.89
6/18/1962,55.74
6/19/1962,55.54
6/20/1962,54.78
6/21/1962,53.59
6/22/1962,52.68
6/25/1962,52.45
6/26/1962,52.32
6/27/1962,52.6
6/28/1962,54.41
6/29/1962,54.75
7/2/1962,55.86
7/3/1962,56.49
7/5/1962,56.81
7/6/1962,56.17
7/9/1962,56.55
7/10/1962,57.2
7/11/1962,57.73
7/12/1962,58.03
7/13/1962,57.83
7/16/1962,57.83
7/17/1962,56.78
7/18/1962,56.2
7/19/1962,56.42
7/20/1962,56.81
7/23/1962,56.8
7/24/1962,56.36
7/25/1962,56.46
7/26/1962,56.77
7/27/1962,57.2
7/30/1962,57.83
7/31/1962,58.23
8/1/1962,57.75
8/2/1962,57.98
8/3/1962,58.12
8/6/1962,57.75
8/7/1962,57.36
8/8/1962,57.51
8/9/1962,57.57
8/10/1962,57.55
8/13/1962,57.63
8/14/1962,58.25
8/15/1962,58.66
8/16/1962,58.64
8/17/1962,59.01
8/20/1962,59.37
8/21/1962,59.12
8/22/1962,59.78
8/23/1962,59.7
8/24/1962,59.58
8/27/1962,59.55
8/28/1962,58.79
8/29/1962,58.66
8/30/1962,58.68
8/31/1962,59.12
9/4/1962,58.56
9/5/1962,58.12
9/6/1962,58.36
9/7/1962,58.38
9/10/1962,58.45
9/11/1962,58.59
9/12/1962,58.84
9/13/1962,58.7
9/14/1962,58.89
9/17/1962,59.08
9/18/1962,59.03
9/19/1962,58.95
9/20/1962,58.54
9/21/1962,57.69
9/24/1962,56.63
9/25/1962,56.96
9/26/1962,56.15
9/27/1962,55.77
9/28/1962,56.27
10/1/1962,55.49
10/2/1962,56.1
10/3/1962,56.16
10/4/1962,56.7
10/5/1962,57.07
10/8/1962,57.07
10/9/1962,57.2
10/10/1962,57.24
10/11/1962,57.05
10/12/1962,56.95
10/15/1962,57.27
10/16/1962,57.08
10/17/1962,56.89
10/18/1962,56.34
10/19/1962,55.59
10/22/1962,54.96
10/23/1962,53.49
10/24/1962,55.21
10/25/1962,54.69
10/26/1962,54.54
10/29/1962,55.72
10/30/1962,56.54
10/31/1962,56.52
11/1/1962,57.12
11/2/1962,57.75
11/5/1962,58.35
11/7/1962,58.71
11/8/1962,58.32
11/9/1962,58.78
11/12/1962,59.59
11/13/1962,59.46
11/14/1962,60.16
11/15/1962,59.97
11/16/1962,60.16
11/19/1962,59.82
11/20/1962,60.45
11/21/1962,60.81
11/23/1962,61.54
11/26/1962,61.36
11/27/1962,61.73
11/28/1962,62.12
11/29/1962,62.41
11/30/1962,62.26
12/3/1962,61.94
12/4/1962,62.64
12/5/1962,62.39
12/6/1962,62.93
12/7/1962,63.06
12/10/1962,62.27
12/11/1962,62.32
12/12/1962,62.63
12/13/1962,62.42
12/14/1962,62.57
12/17/1962,62.37
12/18/1962,62.07
12/19/1962,62.58
12/20/1962,62.82
12/21/1962,62.64
12/24/1962,62.63
12/26/1962,63.02
12/27/1962,62.93
12/28/1962,62.96
12/31/1962,63.1
1/2/1963,62.69
1/3/1963,63.72
1/4/1963,64.13
1/7/1963,64.12
1/8/1963,64.74
1/9/1963,64.59
1/10/1963,64.71
1/11/1963,64.85
1/14/1963,65.2
1/15/1963,65.11
1/16/1963,64.67
1/17/1963,65.13
1/18/1963,65.18
1/21/1963,65.28
1/22/1963,65.44
1/23/1963,65.62
1/24/1963,65.75
1/25/1963,65.92
1/28/1963,66.24
1/29/1963,66.23
1/30/1963,65.85
1/31/1963,66.2
2/1/1963,66.31
2/4/1963,66.17
2/5/1963,66.11
2/6/1963,66.4
2/7/1963,66.17
2/8/1963,66.17
2/11/1963,65.76
2/12/1963,65.83
2/13/1963,66.15
2/14/1963,66.35
2/15/1963,66.41
2/18/1963,66.52
2/19/1963,66.2
2/20/1963,65.83
2/21/1963,65.92
2/25/1963,65.46
2/26/1963,65.47
2/27/1963,65.01
2/28/1963,64.29
3/1/1963,64.1
3/4/1963,64.72
3/5/1963,64.74
3/6/1963,64.85
3/7/1963,65.26
3/8/1963,65.33
3/11/1963,65.51
3/12/1963,65.67
3/13/1963,65.91
3/14/1963,65.6
3/15/1963,65.93
3/18/1963,65.61
3/19/1963,65.47
3/20/1963,65.95
3/21/1963,65.85
3/22/1963,66.19
3/25/1963,66.21
3/26/1963,66.4
3/27/1963,66.68
3/28/1963,66.58
3/29/1963,66.57
4/1/1963,66.85
4/2/1963,66.84
4/3/1963,67.36
4/4/1963,67.85
4/5/1963,68.28
4/8/1963,68.52
4/9/1963,68.45
4/10/1963,68.29
4/11/1963,68.77
4/15/1963,69.09
4/16/1963,69.14
4/17/1963,68.92
4/18/1963,68.89
4/19/1963,69.23
4/22/1963,69.3
4/23/1963,69.53
4/24/1963,69.72
4/25/1963,69.76
4/26/1963,69.7
4/29/1963,69.65
4/30/1963,69.8
5/1/1963,69.97
5/2/1963,70.17
5/3/1963,70.03
5/6/1963,69.53
5/7/1963,69.44
5/8/1963,70.01
5/9/1963,70.35
5/10/1963,70.52
5/13/1963,70.48
5/14/1963,70.21
5/15/1963,70.43
5/16/1963,70.25
5/17/1963,70.29
5/20/1963,69.96
5/21/1963,70.14
5/22/1963,70.14
5/23/1963,70.1
5/24/1963,70.02
5/27/1963,69.87
5/28/1963,70.01
5/29/1963,70.33
5/31/1963,70.8
6/3/1963,70.69
6/4/1963,70.7
6/5/1963,70.53
6/6/1963,70.58
6/7/1963,70.41
6/10/1963,69.94